emotional_indicators,sleep_quality,stress_level,activity_level,anxiety_level,appetite_changes,bonding_with_baby,crying_frequency,concentration_difficulty,epds_total_score,depression_risk
2.0,3.0,2.0,0.0,0.0,3.0,0.0,0.0,1.0,11.0,Moderate
3.0,1.0,0.0,3.0,0.0,3.0,1.0,3.0,3.0,17.0,High
0.0,1.0,0.0,0.0,2.0,1.0,2.0,2.0,2.0,10.0,Moderate
2.0,3.0,3.0,1.0,0.0,0.0,,1.0,2.0,15.0,High
2.0,0.0,2.0,0.0,0.0,0.0,0.0,0.0,0.0,4.0,Low
3.0,0.0,,1.0,2.0,0.0,0.0,0.0,0.0,7.0,Low
0.0,1.0,3.0,1.0,3.0,0.0,0.0,2.0,2.0,12.0,Moderate
0.0,0.0,2.0,0.0,,1.0,2.0,2.0,1.0,11.0,Moderate
2.0,3.0,2.0,1.0,,1.0,1.0,3.0,2.0,15.0,High
1.0,0.0,1.0,2.0,0.0,1.0,1.0,0.0,3.0,,Low
2.0,1.0,3.0,0.0,2.0,1.0,0.0,3.0,0.0,12.0,Moderate
2.0,3.0,2.0,0.0,2.0,0.0,3.0,0.0,0.0,12.0,Moderate
2.0,0.0,2.0,1.0,3.0,3.0,0.0,0.0,2.0,13.0,High
2.0,2.0,2.0,1.0,1.0,2.0,0.0,1.0,1.0,12.0,Moderate
,3.0,1.0,0.0,0.0,1.0,3.0,2.0,1.0,14.0,High
0.0,3.0,3.0,2.0,1.0,3.0,,0.0,3.0,15.0,High
3.0,2.0,3.0,1.0,1.0,1.0,2.0,3.0,0.0,16.0,High
3.0,2.0,,1.0,2.0,0.0,0.0,2.0,2.0,15.0,High
3.0,3.0,3.0,3.0,0.0,0.0,2.0,3.0,2.0,19.0,High
2.0,2.0,0.0,2.0,0.0,3.0,0.0,,0.0,11.0,Moderate
1.0,1.0,0.0,2.0,2.0,3.0,1.0,2.0,2.0,14.0,High
0.0,1.0,3.0,0.0,1.0,3.0,3.0,0.0,0.0,11.0,Moderate
1.0,1.0,1.0,2.0,2.0,0.0,1.0,1.0,1.0,10.0,Moderate
3.0,3.0,0.0,0.0,3.0,0.0,0.0,0.0,1.0,,Low
3.0,2.0,2.0,3.0,0.0,2.0,0.0,2.0,2.0,16.0,High
1.0,2.0,0.0,2.0,3.0,3.0,2.0,0.0,1.0,14.0,High
1.0,0.0,2.0,1.0,2.0,2.0,0.0,0.0,1.0,9.0,Low
1.0,0.0,3.0,3.0,0.0,1.0,0.0,2.0,3.0,13.0,High
3.0,2.0,0.0,0.0,3.0,2.0,0.0,2.0,0.0,12.0,Moderate
3.0,2.0,1.0,3.0,3.0,1.0,1.0,0.0,0.0,14.0,High
0.0,2.0,0.0,0.0,1.0,1.0,2.0,0.0,2.0,8.0,Low
0.0,3.0,0.0,3.0,0.0,2.0,1.0,0.0,0.0,9.0,Low
3.0,2.0,0.0,0.0,3.0,3.0,2.0,3.0,3.0,19.0,High
1.0,0.0,3.0,2.0,3.0,1.0,1.0,0.0,2.0,13.0,High
1.0,3.0,1.0,1.0,1.0,3.0,0.0,3.0,2.0,15.0,High
0.0,2.0,0.0,0.0,3.0,0.0,,1.0,0.0,7.0,Low
3.0,0.0,1.0,3.0,3.0,1.0,1.0,3.0,1.0,,Low
0.0,3.0,3.0,0.0,3.0,0.0,2.0,0.0,1.0,,Low
0.0,2.0,2.0,0.0,1.0,2.0,2.0,1.0,1.0,11.0,Moderate
2.0,2.0,0.0,,3.0,3.0,1.0,3.0,1.0,15.0,High
2.0,,1.0,3.0,3.0,2.0,2.0,3.0,3.0,21.0,High
2.0,3.0,1.0,1.0,0.0,1.0,2.0,2.0,2.0,14.0,High
1.0,0.0,3.0,2.0,0.0,0.0,2.0,1.0,1.0,10.0,Moderate
3.0,0.0,0.0,1.0,1.0,1.0,3.0,2.0,3.0,14.0,High
3.0,1.0,2.0,0.0,2.0,2.0,2.0,1.0,,15.0,High
3.0,2.0,1.0,3.0,0.0,3.0,3.0,3.0,0.0,18.0,High
3.0,1.0,0.0,1.0,1.0,3.0,3.0,2.0,0.0,14.0,High
2.0,1.0,2.0,0.0,3.0,1.0,2.0,0.0,3.0,14.0,High
1.0,0.0,1.0,2.0,3.0,1.0,1.0,,2.0,14.0,High
1.0,3.0,1.0,2.0,1.0,0.0,2.0,,1.0,12.0,Moderate
2.0,3.0,2.0,2.0,3.0,2.0,0.0,,2.0,17.0,High
1.0,0.0,,0.0,3.0,1.0,1.0,2.0,1.0,11.0,Moderate
2.0,3.0,3.0,3.0,2.0,0.0,3.0,2.0,3.0,21.0,High
3.0,1.0,0.0,1.0,3.0,1.0,3.0,1.0,1.0,14.0,High
2.0,2.0,0.0,2.0,0.0,3.0,1.0,3.0,3.0,16.0,High
3.0,0.0,3.0,0.0,3.0,0.0,1.0,2.0,2.0,14.0,High
3.0,2.0,1.0,,1.0,0.0,2.0,0.0,2.0,11.0,Moderate
0.0,3.0,2.0,1.0,2.0,1.0,3.0,1.0,1.0,14.0,High
2.0,2.0,2.0,2.0,3.0,2.0,0.0,0.0,2.0,15.0,High
0.0,3.0,2.0,0.0,1.0,,2.0,1.0,1.0,13.0,High
2.0,,1.0,1.0,0.0,,1.0,0.0,2.0,12.0,Moderate
2.0,1.0,2.0,3.0,3.0,0.0,,3.0,0.0,17.0,High
0.0,3.0,2.0,3.0,2.0,2.0,1.0,1.0,1.0,15.0,High
0.0,1.0,3.0,3.0,3.0,0.0,1.0,3.0,3.0,17.0,High
2.0,1.0,1.0,2.0,1.0,2.0,1.0,2.0,0.0,12.0,Moderate
1.0,1.0,0.0,1.0,2.0,1.0,2.0,1.0,3.0,12.0,Moderate
3.0,0.0,3.0,,3.0,2.0,0.0,3.0,2.0,17.0,High
0.0,0.0,3.0,,0.0,0.0,0.0,0.0,0.0,3.0,Low
3.0,3.0,0.0,0.0,2.0,3.0,3.0,3.0,2.0,19.0,High
1.0,1.0,3.0,0.0,0.0,3.0,1.0,1.0,1.0,11.0,Moderate
1.0,0.0,1.0,1.0,1.0,3.0,0.0,3.0,3.0,13.0,High
,1.0,2.0,0.0,3.0,0.0,1.0,,2.0,10.0,Moderate
0.0,2.0,1.0,1.0,0.0,2.0,3.0,0.0,3.0,,Low
1.0,2.0,0.0,1.0,1.0,3.0,1.0,0.0,3.0,12.0,Moderate
0.0,2.0,0.0,3.0,,3.0,0.0,2.0,2.0,15.0,High
1.0,3.0,3.0,0.0,1.0,3.0,1.0,1.0,1.0,,Low
3.0,1.0,1.0,3.0,0.0,1.0,0.0,0.0,3.0,12.0,Moderate
3.0,2.0,1.0,2.0,1.0,0.0,3.0,2.0,2.0,16.0,High
2.0,,0.0,2.0,2.0,0.0,1.0,0.0,1.0,8.0,Low
3.0,2.0,1.0,2.0,3.0,0.0,0.0,3.0,2.0,16.0,High
2.0,2.0,0.0,1.0,1.0,,3.0,1.0,1.0,11.0,Moderate
3.0,2.0,1.0,1.0,0.0,0.0,1.0,3.0,3.0,14.0,High
0.0,3.0,1.0,1.0,3.0,1.0,3.0,2.0,0.0,14.0,High
3.0,0.0,1.0,0.0,2.0,2.0,0.0,3.0,2.0,13.0,High
2.0,1.0,0.0,3.0,3.0,1.0,1.0,3.0,3.0,17.0,High
,0.0,3.0,1.0,2.0,3.0,,0.0,2.0,14.0,High
1.0,1.0,1.0,3.0,3.0,1.0,1.0,3.0,2.0,16.0,High
0.0,3.0,0.0,3.0,1.0,0.0,3.0,0.0,1.0,11.0,Moderate
,,0.0,3.0,1.0,1.0,3.0,0.0,2.0,16.0,High
1.0,3.0,1.0,0.0,0.0,0.0,0.0,1.0,1.0,7.0,Low
3.0,3.0,1.0,0.0,2.0,1.0,2.0,2.0,3.0,,Low
3.0,1.0,3.0,2.0,0.0,0.0,1.0,2.0,2.0,14.0,High
1.0,2.0,0.0,2.0,1.0,3.0,1.0,2.0,3.0,15.0,High
1.0,1.0,0.0,3.0,2.0,0.0,0.0,0.0,0.0,7.0,Low
1.0,0.0,2.0,2.0,0.0,1.0,1.0,2.0,3.0,12.0,Moderate
1.0,3.0,0.0,,0.0,3.0,3.0,0.0,2.0,15.0,High
1.0,3.0,3.0,0.0,0.0,1.0,3.0,1.0,0.0,12.0,Moderate
3.0,0.0,2.0,0.0,0.0,3.0,1.0,2.0,1.0,12.0,Moderate
1.0,1.0,2.0,0.0,0.0,2.0,1.0,0.0,0.0,7.0,Low
0.0,2.0,2.0,1.0,2.0,2.0,3.0,2.0,2.0,16.0,High
2.0,2.0,1.0,3.0,0.0,2.0,1.0,2.0,2.0,15.0,High
1.0,0.0,1.0,0.0,2.0,1.0,3.0,1.0,3.0,12.0,Moderate
1.0,2.0,0.0,3.0,0.0,1.0,2.0,3.0,1.0,13.0,High
3.0,1.0,2.0,2.0,1.0,3.0,2.0,2.0,2.0,18.0,High
,1.0,3.0,2.0,1.0,3.0,1.0,1.0,,15.0,High
1.0,0.0,1.0,0.0,0.0,3.0,1.0,2.0,1.0,9.0,Low
1.0,1.0,3.0,3.0,3.0,3.0,1.0,2.0,1.0,18.0,High
3.0,3.0,3.0,0.0,1.0,0.0,3.0,2.0,3.0,18.0,High
1.0,0.0,1.0,2.0,2.0,2.0,2.0,2.0,0.0,12.0,Moderate
2.0,1.0,1.0,0.0,0.0,,2.0,3.0,1.0,,Low
3.0,0.0,1.0,3.0,2.0,0.0,0.0,3.0,2.0,14.0,High
2.0,2.0,1.0,2.0,3.0,0.0,0.0,2.0,1.0,,Low
3.0,1.0,,1.0,0.0,0.0,,2.0,2.0,12.0,Moderate
1.0,,2.0,,,2.0,3.0,1.0,3.0,18.0,High
2.0,1.0,2.0,1.0,2.0,0.0,1.0,1.0,0.0,10.0,Moderate
3.0,0.0,2.0,0.0,1.0,3.0,,0.0,3.0,14.0,High
0.0,0.0,0.0,0.0,1.0,1.0,1.0,3.0,1.0,7.0,Low
1.0,1.0,2.0,3.0,0.0,3.0,1.0,2.0,2.0,15.0,High
,,1.0,1.0,2.0,1.0,2.0,3.0,1.0,17.0,High
,3.0,3.0,0.0,3.0,3.0,2.0,1.0,1.0,16.0,High
3.0,3.0,2.0,1.0,1.0,3.0,2.0,3.0,1.0,,Low
0.0,0.0,0.0,0.0,0.0,1.0,2.0,3.0,1.0,7.0,Low
1.0,1.0,1.0,2.0,0.0,2.0,0.0,2.0,0.0,9.0,Low
2.0,2.0,3.0,0.0,3.0,0.0,3.0,2.0,2.0,,Low
0.0,0.0,3.0,3.0,0.0,3.0,3.0,1.0,1.0,14.0,High
3.0,3.0,2.0,2.0,1.0,2.0,2.0,2.0,2.0,19.0,High
1.0,1.0,3.0,3.0,0.0,0.0,3.0,1.0,,12.0,Moderate
,3.0,2.0,2.0,2.0,2.0,3.0,1.0,2.0,17.0,High
3.0,2.0,2.0,1.0,2.0,2.0,3.0,0.0,2.0,17.0,High
3.0,3.0,1.0,3.0,1.0,0.0,3.0,0.0,0.0,14.0,High
3.0,3.0,1.0,0.0,2.0,3.0,,,1.0,15.0,High
0.0,2.0,0.0,1.0,3.0,2.0,1.0,3.0,2.0,14.0,High
0.0,1.0,1.0,0.0,0.0,3.0,1.0,0.0,3.0,9.0,Low
0.0,0.0,1.0,2.0,1.0,3.0,1.0,2.0,2.0,12.0,Moderate
2.0,1.0,2.0,2.0,3.0,3.0,0.0,2.0,1.0,16.0,High
0.0,2.0,1.0,0.0,0.0,0.0,3.0,0.0,3.0,9.0,Low
0.0,3.0,2.0,0.0,3.0,1.0,2.0,3.0,1.0,15.0,High
0.0,1.0,2.0,1.0,1.0,3.0,2.0,1.0,2.0,13.0,High
2.0,0.0,1.0,0.0,,1.0,0.0,3.0,0.0,8.0,Low
0.0,2.0,0.0,3.0,3.0,1.0,2.0,3.0,1.0,15.0,High
3.0,1.0,0.0,3.0,0.0,2.0,1.0,1.0,1.0,12.0,Moderate
0.0,0.0,3.0,0.0,2.0,3.0,0.0,1.0,0.0,9.0,Low
3.0,2.0,3.0,3.0,2.0,3.0,2.0,1.0,2.0,21.0,High
3.0,0.0,1.0,,3.0,3.0,0.0,2.0,1.0,13.0,High
3.0,2.0,0.0,1.0,1.0,1.0,,1.0,2.0,11.0,Moderate
2.0,3.0,2.0,,0.0,0.0,2.0,1.0,2.0,15.0,High
2.0,1.0,3.0,3.0,0.0,1.0,1.0,3.0,2.0,16.0,High
2.0,0.0,2.0,0.0,1.0,3.0,2.0,3.0,0.0,13.0,High
0.0,2.0,3.0,3.0,2.0,3.0,3.0,0.0,2.0,18.0,High
3.0,0.0,1.0,2.0,0.0,3.0,3.0,3.0,2.0,17.0,High
2.0,,0.0,1.0,3.0,1.0,2.0,1.0,3.0,13.0,High
2.0,,3.0,1.0,2.0,3.0,1.0,2.0,3.0,18.0,High
,3.0,0.0,3.0,3.0,2.0,3.0,3.0,,20.0,High
2.0,0.0,2.0,3.0,2.0,3.0,3.0,3.0,1.0,19.0,High
0.0,2.0,1.0,2.0,1.0,0.0,2.0,1.0,1.0,10.0,Moderate
1.0,2.0,0.0,2.0,3.0,2.0,2.0,3.0,3.0,18.0,High
2.0,3.0,1.0,3.0,3.0,3.0,,3.0,0.0,20.0,High
1.0,,0.0,3.0,1.0,2.0,0.0,1.0,0.0,10.0,Moderate
0.0,3.0,2.0,2.0,3.0,3.0,0.0,3.0,3.0,19.0,High
3.0,,2.0,0.0,2.0,0.0,0.0,2.0,1.0,12.0,Moderate
2.0,1.0,1.0,2.0,0.0,3.0,2.0,0.0,1.0,12.0,Moderate
0.0,0.0,2.0,0.0,0.0,2.0,1.0,,0.0,8.0,Low
3.0,1.0,,1.0,1.0,0.0,3.0,2.0,2.0,16.0,High
3.0,0.0,0.0,1.0,2.0,1.0,0.0,3.0,0.0,10.0,Moderate
1.0,0.0,2.0,2.0,3.0,0.0,1.0,0.0,2.0,11.0,Moderate
0.0,0.0,3.0,0.0,3.0,0.0,2.0,1.0,1.0,10.0,Moderate
3.0,1.0,1.0,2.0,0.0,0.0,0.0,0.0,1.0,8.0,Low
2.0,0.0,3.0,2.0,3.0,2.0,2.0,3.0,3.0,20.0,High
2.0,1.0,1.0,0.0,0.0,0.0,1.0,0.0,1.0,6.0,Low
1.0,3.0,1.0,2.0,1.0,3.0,0.0,0.0,2.0,13.0,High
3.0,2.0,0.0,1.0,3.0,0.0,0.0,1.0,0.0,10.0,Moderate
,2.0,0.0,3.0,,0.0,0.0,3.0,3.0,13.0,High
2.0,0.0,3.0,3.0,3.0,3.0,0.0,0.0,2.0,16.0,High
3.0,1.0,0.0,2.0,0.0,3.0,,,0.0,10.0,Moderate
3.0,2.0,0.0,0.0,1.0,1.0,0.0,1.0,0.0,8.0,Low
1.0,1.0,0.0,0.0,0.0,0.0,3.0,2.0,,7.0,Low
2.0,1.0,3.0,1.0,3.0,2.0,3.0,3.0,1.0,19.0,High
2.0,0.0,2.0,0.0,,,2.0,2.0,0.0,8.0,Low
0.0,,,0.0,0.0,0.0,0.0,2.0,1.0,5.0,Low
2.0,0.0,0.0,1.0,1.0,3.0,3.0,1.0,0.0,11.0,Moderate
0.0,0.0,3.0,2.0,2.0,1.0,3.0,,0.0,12.0,Moderate
2.0,2.0,2.0,3.0,3.0,0.0,3.0,3.0,1.0,19.0,High
1.0,2.0,0.0,1.0,1.0,2.0,1.0,2.0,1.0,11.0,Moderate
2.0,3.0,1.0,2.0,2.0,0.0,0.0,0.0,2.0,12.0,Moderate
0.0,3.0,3.0,1.0,0.0,2.0,,2.0,,12.0,Moderate
0.0,1.0,0.0,2.0,2.0,3.0,1.0,1.0,1.0,11.0,Moderate
1.0,2.0,0.0,1.0,0.0,1.0,3.0,0.0,2.0,10.0,Moderate
2.0,3.0,1.0,2.0,0.0,0.0,3.0,0.0,2.0,13.0,High
2.0,1.0,1.0,1.0,1.0,1.0,2.0,1.0,1.0,11.0,Moderate
1.0,1.0,3.0,2.0,0.0,0.0,0.0,,0.0,7.0,Low
2.0,1.0,3.0,1.0,1.0,2.0,0.0,2.0,2.0,14.0,High
,3.0,1.0,3.0,2.0,1.0,3.0,1.0,0.0,,Low
0.0,2.0,,3.0,2.0,0.0,3.0,3.0,0.0,16.0,High
2.0,0.0,1.0,0.0,0.0,3.0,0.0,1.0,2.0,9.0,Low
2.0,1.0,0.0,2.0,1.0,2.0,2.0,3.0,1.0,14.0,High
1.0,3.0,1.0,1.0,0.0,1.0,3.0,3.0,0.0,13.0,High
1.0,3.0,1.0,2.0,1.0,0.0,2.0,1.0,3.0,14.0,High
3.0,0.0,2.0,3.0,1.0,1.0,1.0,1.0,1.0,13.0,High
0.0,0.0,1.0,2.0,1.0,0.0,3.0,3.0,2.0,12.0,Moderate
2.0,3.0,1.0,1.0,2.0,2.0,1.0,3.0,3.0,18.0,High
2.0,2.0,2.0,2.0,1.0,3.0,3.0,,,15.0,High
3.0,0.0,3.0,1.0,,,1.0,1.0,1.0,14.0,High
2.0,3.0,2.0,3.0,1.0,1.0,3.0,1.0,3.0,19.0,High
0.0,0.0,0.0,3.0,2.0,1.0,2.0,0.0,1.0,9.0,Low
3.0,2.0,2.0,3.0,3.0,0.0,2.0,1.0,0.0,16.0,High
0.0,1.0,0.0,0.0,2.0,2.0,2.0,0.0,1.0,8.0,Low
3.0,0.0,3.0,3.0,2.0,0.0,,0.0,3.0,15.0,High
3.0,2.0,2.0,2.0,0.0,2.0,2.0,1.0,1.0,15.0,High
1.0,3.0,2.0,0.0,1.0,1.0,1.0,2.0,2.0,13.0,High
0.0,0.0,3.0,3.0,3.0,0.0,3.0,3.0,2.0,17.0,High
2.0,0.0,0.0,2.0,0.0,0.0,1.0,1.0,3.0,9.0,Low
2.0,3.0,2.0,2.0,1.0,2.0,3.0,2.0,1.0,18.0,High
0.0,1.0,0.0,2.0,3.0,3.0,,0.0,3.0,12.0,Moderate
2.0,3.0,,1.0,3.0,2.0,0.0,2.0,,16.0,High
2.0,0.0,1.0,0.0,3.0,3.0,0.0,,0.0,10.0,Moderate
0.0,3.0,2.0,2.0,1.0,2.0,1.0,1.0,2.0,14.0,High
3.0,2.0,,1.0,3.0,1.0,0.0,2.0,0.0,15.0,High
0.0,3.0,3.0,3.0,3.0,0.0,0.0,1.0,1.0,14.0,High
3.0,0.0,0.0,2.0,0.0,,0.0,3.0,,10.0,Moderate
2.0,3.0,2.0,1.0,2.0,1.0,3.0,2.0,3.0,19.0,High
2.0,1.0,0.0,2.0,1.0,2.0,2.0,0.0,3.0,13.0,High
2.0,3.0,0.0,0.0,2.0,0.0,1.0,2.0,1.0,11.0,Moderate
1.0,1.0,1.0,0.0,0.0,2.0,0.0,2.0,2.0,9.0,Low
3.0,2.0,1.0,3.0,2.0,3.0,3.0,2.0,3.0,22.0,High
1.0,1.0,3.0,2.0,3.0,0.0,2.0,2.0,,16.0,High
1.0,3.0,0.0,1.0,3.0,3.0,2.0,0.0,1.0,14.0,High
0.0,,3.0,3.0,1.0,1.0,2.0,0.0,2.0,12.0,Moderate
1.0,,2.0,2.0,1.0,1.0,3.0,0.0,1.0,12.0,Moderate
0.0,2.0,0.0,3.0,1.0,2.0,0.0,2.0,0.0,10.0,Moderate
0.0,1.0,0.0,1.0,0.0,3.0,2.0,3.0,1.0,11.0,Moderate
1.0,1.0,2.0,3.0,1.0,3.0,3.0,3.0,0.0,17.0,High
3.0,1.0,2.0,3.0,0.0,,3.0,0.0,1.0,13.0,High
3.0,2.0,3.0,3.0,3.0,3.0,1.0,3.0,3.0,24.0,High
3.0,3.0,3.0,2.0,2.0,3.0,3.0,3.0,3.0,,Low
3.0,1.0,2.0,1.0,3.0,0.0,2.0,3.0,2.0,17.0,High
3.0,1.0,3.0,,3.0,0.0,2.0,3.0,1.0,16.0,High
1.0,0.0,2.0,2.0,3.0,3.0,3.0,,1.0,18.0,High
1.0,2.0,0.0,0.0,1.0,2.0,2.0,1.0,1.0,10.0,Moderate
2.0,1.0,0.0,,1.0,0.0,3.0,0.0,2.0,9.0,Low
3.0,2.0,1.0,2.0,1.0,0.0,2.0,2.0,3.0,16.0,High
1.0,1.0,0.0,2.0,2.0,3.0,1.0,3.0,1.0,14.0,High
2.0,3.0,2.0,1.0,1.0,3.0,0.0,1.0,2.0,15.0,High
3.0,3.0,3.0,1.0,0.0,0.0,1.0,2.0,1.0,,Low
0.0,1.0,1.0,3.0,3.0,3.0,1.0,1.0,0.0,13.0,High
2.0,3.0,3.0,0.0,2.0,0.0,0.0,3.0,1.0,14.0,High
1.0,1.0,2.0,1.0,2.0,2.0,2.0,3.0,0.0,14.0,High
0.0,3.0,0.0,3.0,2.0,2.0,0.0,3.0,2.0,15.0,High
0.0,0.0,1.0,1.0,2.0,0.0,3.0,3.0,2.0,12.0,Moderate
0.0,0.0,2.0,2.0,2.0,0.0,0.0,2.0,3.0,11.0,Moderate
2.0,0.0,1.0,1.0,0.0,1.0,1.0,2.0,1.0,9.0,Low
1.0,2.0,1.0,0.0,3.0,1.0,0.0,1.0,2.0,11.0,Moderate
0.0,2.0,0.0,1.0,2.0,3.0,2.0,0.0,,13.0,High
3.0,0.0,2.0,0.0,3.0,3.0,1.0,3.0,1.0,16.0,High
0.0,2.0,3.0,2.0,1.0,0.0,3.0,1.0,2.0,14.0,High
0.0,3.0,1.0,0.0,2.0,0.0,,1.0,0.0,9.0,Low
2.0,1.0,1.0,1.0,2.0,1.0,1.0,1.0,2.0,12.0,Moderate
2.0,1.0,3.0,3.0,3.0,1.0,3.0,3.0,0.0,19.0,High
1.0,1.0,2.0,2.0,2.0,0.0,2.0,3.0,3.0,16.0,High
3.0,0.0,1.0,,2.0,2.0,3.0,1.0,3.0,16.0,High
2.0,2.0,1.0,2.0,2.0,2.0,0.0,3.0,1.0,15.0,High
,3.0,1.0,2.0,0.0,3.0,0.0,1.0,1.0,11.0,Moderate
1.0,3.0,2.0,1.0,0.0,0.0,3.0,2.0,1.0,13.0,High
0.0,0.0,2.0,1.0,2.0,0.0,0.0,3.0,3.0,11.0,Moderate
0.0,3.0,3.0,3.0,0.0,3.0,3.0,,0.0,17.0,High
2.0,3.0,2.0,2.0,1.0,1.0,2.0,0.0,1.0,14.0,High
1.0,3.0,2.0,2.0,2.0,1.0,1.0,3.0,1.0,16.0,High
3.0,3.0,0.0,,1.0,2.0,3.0,,3.0,16.0,High
3.0,2.0,3.0,,3.0,0.0,,1.0,0.0,13.0,High
2.0,3.0,1.0,1.0,1.0,1.0,1.0,3.0,2.0,15.0,High
2.0,1.0,2.0,2.0,3.0,,3.0,3.0,1.0,19.0,High
1.0,0.0,1.0,1.0,2.0,2.0,0.0,,,12.0,Moderate
3.0,2.0,1.0,3.0,3.0,2.0,2.0,0.0,2.0,18.0,High
3.0,3.0,,0.0,3.0,1.0,1.0,0.0,1.0,12.0,Moderate
3.0,2.0,2.0,1.0,1.0,1.0,2.0,1.0,3.0,16.0,High
0.0,3.0,3.0,3.0,1.0,0.0,1.0,2.0,1.0,14.0,High
3.0,1.0,2.0,2.0,,0.0,3.0,2.0,0.0,14.0,High
0.0,0.0,1.0,1.0,2.0,2.0,0.0,0.0,0.0,6.0,Low
1.0,3.0,3.0,2.0,2.0,2.0,2.0,3.0,1.0,19.0,High
0.0,3.0,2.0,3.0,1.0,1.0,1.0,2.0,2.0,15.0,High
1.0,3.0,1.0,2.0,2.0,1.0,3.0,2.0,0.0,15.0,High
3.0,3.0,1.0,3.0,2.0,0.0,3.0,0.0,0.0,15.0,High
,0.0,0.0,3.0,3.0,0.0,1.0,1.0,1.0,12.0,Moderate
1.0,0.0,0.0,3.0,,3.0,1.0,0.0,1.0,12.0,Moderate
2.0,1.0,,1.0,1.0,0.0,1.0,,3.0,9.0,Low
1.0,0.0,1.0,2.0,,1.0,0.0,3.0,1.0,11.0,Moderate
2.0,3.0,2.0,2.0,3.0,2.0,1.0,0.0,,16.0,High
0.0,1.0,0.0,0.0,0.0,3.0,1.0,3.0,0.0,8.0,Low
0.0,1.0,2.0,0.0,2.0,0.0,,1.0,0.0,,Low
0.0,1.0,0.0,0.0,0.0,0.0,3.0,3.0,0.0,7.0,Low
3.0,3.0,3.0,0.0,1.0,1.0,1.0,,2.0,15.0,High
0.0,2.0,3.0,2.0,2.0,3.0,2.0,1.0,0.0,15.0,High
2.0,,0.0,3.0,1.0,0.0,3.0,1.0,0.0,13.0,High
0.0,0.0,1.0,3.0,1.0,2.0,2.0,0.0,1.0,10.0,Moderate
1.0,0.0,0.0,1.0,1.0,1.0,1.0,,3.0,11.0,Moderate
1.0,3.0,0.0,3.0,1.0,3.0,0.0,2.0,0.0,13.0,High
3.0,3.0,1.0,2.0,1.0,0.0,0.0,,3.0,13.0,High
1.0,1.0,3.0,2.0,2.0,0.0,0.0,1.0,0.0,10.0,Moderate
2.0,3.0,2.0,,0.0,3.0,1.0,2.0,0.0,15.0,High
0.0,,0.0,1.0,2.0,,1.0,0.0,3.0,9.0,Low
3.0,0.0,1.0,0.0,2.0,3.0,2.0,2.0,1.0,14.0,High
0.0,1.0,0.0,,2.0,3.0,0.0,1.0,0.0,10.0,Moderate
,3.0,1.0,2.0,3.0,1.0,1.0,2.0,3.0,16.0,High
2.0,0.0,2.0,2.0,3.0,0.0,3.0,2.0,0.0,14.0,High
1.0,2.0,2.0,0.0,2.0,2.0,1.0,1.0,2.0,,Low
1.0,1.0,3.0,2.0,0.0,1.0,1.0,2.0,2.0,13.0,High
0.0,0.0,1.0,3.0,2.0,2.0,3.0,0.0,,13.0,High
3.0,1.0,1.0,1.0,1.0,0.0,0.0,2.0,2.0,11.0,Moderate
1.0,0.0,,2.0,3.0,3.0,3.0,3.0,1.0,,Low
3.0,0.0,3.0,3.0,3.0,2.0,0.0,0.0,2.0,16.0,High
1.0,1.0,1.0,2.0,2.0,0.0,3.0,2.0,3.0,15.0,High
3.0,2.0,3.0,0.0,2.0,0.0,2.0,3.0,0.0,15.0,High
,0.0,2.0,2.0,0.0,3.0,0.0,3.0,3.0,15.0,High
3.0,0.0,0.0,2.0,0.0,,1.0,3.0,2.0,14.0,High
2.0,0.0,2.0,1.0,1.0,0.0,2.0,2.0,1.0,11.0,Moderate
2.0,2.0,3.0,0.0,2.0,0.0,0.0,1.0,2.0,12.0,Moderate
3.0,,1.0,0.0,2.0,2.0,0.0,3.0,2.0,15.0,High
2.0,3.0,1.0,1.0,2.0,0.0,0.0,1.0,1.0,11.0,Moderate
0.0,1.0,2.0,2.0,3.0,0.0,3.0,0.0,,12.0,Moderate
2.0,2.0,1.0,3.0,1.0,2.0,0.0,1.0,1.0,13.0,High
1.0,1.0,3.0,0.0,0.0,1.0,1.0,1.0,1.0,9.0,Low
3.0,3.0,2.0,0.0,3.0,2.0,0.0,1.0,,,Low
0.0,1.0,1.0,2.0,3.0,2.0,1.0,1.0,1.0,12.0,Moderate
3.0,2.0,0.0,2.0,3.0,3.0,1.0,1.0,0.0,15.0,High
1.0,1.0,0.0,0.0,,2.0,1.0,0.0,2.0,10.0,Moderate
1.0,2.0,3.0,2.0,1.0,0.0,2.0,0.0,2.0,13.0,High
1.0,1.0,1.0,3.0,2.0,0.0,1.0,1.0,1.0,11.0,Moderate
2.0,2.0,3.0,0.0,0.0,0.0,3.0,1.0,3.0,14.0,High
2.0,,2.0,3.0,0.0,1.0,0.0,3.0,1.0,14.0,High
,1.0,0.0,3.0,3.0,0.0,3.0,0.0,,13.0,High
3.0,3.0,2.0,2.0,3.0,1.0,2.0,2.0,3.0,21.0,High
0.0,0.0,1.0,3.0,1.0,0.0,0.0,0.0,0.0,5.0,Low
0.0,,3.0,2.0,3.0,2.0,1.0,2.0,3.0,19.0,High
3.0,1.0,3.0,1.0,0.0,3.0,0.0,3.0,3.0,17.0,High
2.0,3.0,3.0,2.0,0.0,0.0,2.0,1.0,1.0,14.0,High
1.0,2.0,2.0,3.0,2.0,1.0,2.0,3.0,0.0,16.0,High
3.0,0.0,0.0,1.0,2.0,,3.0,1.0,3.0,14.0,High
0.0,1.0,2.0,,0.0,3.0,0.0,0.0,0.0,8.0,Low
2.0,1.0,2.0,3.0,0.0,0.0,0.0,1.0,1.0,10.0,Moderate
3.0,,1.0,0.0,1.0,2.0,0.0,2.0,1.0,11.0,Moderate
3.0,0.0,1.0,0.0,1.0,,3.0,2.0,1.0,11.0,Moderate
2.0,2.0,1.0,2.0,0.0,0.0,2.0,3.0,,13.0,High
3.0,1.0,0.0,2.0,3.0,3.0,1.0,0.0,2.0,,Low
2.0,3.0,0.0,0.0,2.0,0.0,0.0,2.0,3.0,12.0,Moderate
1.0,1.0,1.0,3.0,0.0,2.0,3.0,3.0,2.0,16.0,High
2.0,1.0,1.0,3.0,3.0,1.0,3.0,0.0,1.0,15.0,High
2.0,1.0,,3.0,0.0,3.0,1.0,0.0,3.0,13.0,High
2.0,1.0,3.0,2.0,2.0,2.0,2.0,3.0,3.0,20.0,High
3.0,2.0,0.0,1.0,,1.0,0.0,2.0,0.0,11.0,Moderate
3.0,3.0,,1.0,1.0,3.0,0.0,2.0,1.0,14.0,High
2.0,2.0,0.0,1.0,1.0,3.0,3.0,3.0,2.0,17.0,High
3.0,3.0,1.0,1.0,1.0,1.0,2.0,2.0,0.0,14.0,High
0.0,,3.0,,1.0,1.0,0.0,3.0,3.0,13.0,High
0.0,0.0,0.0,2.0,2.0,2.0,1.0,2.0,2.0,11.0,Moderate
3.0,2.0,1.0,2.0,3.0,0.0,2.0,2.0,1.0,16.0,High
3.0,0.0,2.0,1.0,3.0,0.0,2.0,3.0,2.0,16.0,High
2.0,2.0,2.0,2.0,3.0,0.0,3.0,3.0,2.0,19.0,High
1.0,1.0,,2.0,0.0,0.0,3.0,2.0,2.0,11.0,Moderate
3.0,,2.0,1.0,1.0,0.0,0.0,3.0,0.0,12.0,Moderate
0.0,1.0,3.0,3.0,1.0,2.0,3.0,2.0,3.0,18.0,High
2.0,2.0,2.0,2.0,2.0,3.0,2.0,1.0,2.0,18.0,High
3.0,1.0,2.0,3.0,2.0,2.0,0.0,0.0,3.0,,Low
0.0,1.0,3.0,2.0,,2.0,0.0,0.0,0.0,8.0,Low
0.0,3.0,0.0,2.0,0.0,2.0,2.0,2.0,1.0,12.0,Moderate
1.0,1.0,0.0,1.0,3.0,3.0,0.0,0.0,1.0,10.0,Moderate
2.0,3.0,3.0,2.0,2.0,2.0,1.0,2.0,,19.0,High
2.0,1.0,3.0,0.0,1.0,2.0,1.0,3.0,0.0,13.0,High
1.0,0.0,3.0,0.0,3.0,3.0,0.0,1.0,1.0,12.0,Moderate
1.0,1.0,2.0,1.0,1.0,2.0,3.0,0.0,0.0,11.0,Moderate
2.0,0.0,3.0,3.0,3.0,0.0,1.0,0.0,0.0,12.0,Moderate
2.0,0.0,1.0,3.0,1.0,1.0,0.0,3.0,2.0,13.0,High
3.0,1.0,2.0,3.0,0.0,2.0,1.0,1.0,2.0,15.0,High
3.0,0.0,0.0,0.0,3.0,1.0,3.0,1.0,0.0,11.0,Moderate
1.0,,0.0,3.0,1.0,2.0,2.0,1.0,0.0,13.0,High
3.0,2.0,0.0,3.0,1.0,2.0,0.0,3.0,2.0,16.0,High
0.0,1.0,2.0,1.0,2.0,0.0,,0.0,0.0,6.0,Low
3.0,0.0,1.0,3.0,3.0,3.0,0.0,0.0,2.0,15.0,High
3.0,1.0,3.0,0.0,1.0,1.0,0.0,1.0,,13.0,High
0.0,3.0,3.0,0.0,2.0,3.0,0.0,3.0,0.0,14.0,High
1.0,1.0,0.0,0.0,1.0,0.0,0.0,3.0,2.0,8.0,Low
0.0,1.0,0.0,1.0,3.0,0.0,,3.0,0.0,,Low
3.0,0.0,2.0,1.0,0.0,1.0,,1.0,2.0,12.0,Moderate
1.0,3.0,1.0,2.0,3.0,3.0,3.0,3.0,0.0,19.0,High
3.0,2.0,3.0,3.0,3.0,0.0,3.0,1.0,1.0,19.0,High
0.0,2.0,2.0,1.0,1.0,2.0,2.0,1.0,1.0,12.0,Moderate
0.0,0.0,3.0,0.0,1.0,2.0,3.0,1.0,0.0,10.0,Moderate
3.0,1.0,0.0,0.0,3.0,,1.0,2.0,1.0,13.0,High
2.0,0.0,3.0,1.0,2.0,3.0,3.0,1.0,0.0,15.0,High
,0.0,1.0,1.0,2.0,2.0,0.0,3.0,,11.0,Moderate
0.0,0.0,1.0,1.0,2.0,2.0,1.0,2.0,3.0,12.0,Moderate
0.0,1.0,0.0,2.0,1.0,0.0,1.0,0.0,3.0,8.0,Low
2.0,3.0,1.0,0.0,1.0,0.0,2.0,0.0,1.0,10.0,Moderate
2.0,0.0,,2.0,3.0,2.0,3.0,3.0,3.0,19.0,High
3.0,,2.0,2.0,0.0,2.0,3.0,3.0,3.0,19.0,High
3.0,3.0,3.0,3.0,1.0,0.0,1.0,3.0,0.0,17.0,High
2.0,0.0,0.0,0.0,,1.0,3.0,3.0,2.0,14.0,High
3.0,2.0,0.0,0.0,3.0,3.0,3.0,,0.0,16.0,High
3.0,3.0,0.0,1.0,0.0,3.0,2.0,3.0,3.0,18.0,High
1.0,0.0,0.0,1.0,2.0,0.0,1.0,1.0,0.0,6.0,Low
3.0,3.0,0.0,,,3.0,0.0,0.0,1.0,16.0,High
0.0,3.0,1.0,2.0,3.0,0.0,1.0,3.0,2.0,15.0,High
3.0,3.0,2.0,1.0,3.0,,2.0,1.0,3.0,18.0,High
3.0,3.0,0.0,1.0,2.0,0.0,2.0,3.0,3.0,17.0,High
2.0,3.0,2.0,0.0,2.0,0.0,2.0,1.0,0.0,,Low
0.0,3.0,2.0,0.0,,1.0,3.0,2.0,0.0,11.0,Moderate
3.0,0.0,1.0,1.0,1.0,2.0,1.0,0.0,0.0,,Low
3.0,2.0,0.0,0.0,2.0,2.0,3.0,0.0,0.0,12.0,Moderate
1.0,1.0,1.0,3.0,1.0,1.0,3.0,2.0,3.0,16.0,High
,3.0,0.0,1.0,1.0,3.0,1.0,1.0,,13.0,High
3.0,1.0,1.0,0.0,2.0,3.0,2.0,3.0,3.0,18.0,High
1.0,,2.0,3.0,3.0,2.0,0.0,1.0,0.0,12.0,Moderate
2.0,3.0,0.0,0.0,0.0,3.0,0.0,0.0,2.0,10.0,Moderate
3.0,2.0,3.0,0.0,1.0,,1.0,2.0,,16.0,High
1.0,1.0,2.0,0.0,3.0,2.0,1.0,2.0,0.0,12.0,Moderate
0.0,3.0,3.0,1.0,2.0,1.0,,1.0,0.0,13.0,High
2.0,,2.0,2.0,1.0,3.0,1.0,1.0,1.0,13.0,High
0.0,2.0,1.0,0.0,1.0,1.0,1.0,2.0,2.0,10.0,Moderate
0.0,1.0,0.0,3.0,1.0,2.0,2.0,0.0,3.0,12.0,Moderate
1.0,1.0,2.0,1.0,3.0,2.0,2.0,3.0,2.0,17.0,High
3.0,3.0,1.0,1.0,3.0,2.0,3.0,3.0,,22.0,High
1.0,2.0,0.0,3.0,3.0,0.0,1.0,1.0,0.0,11.0,Moderate
1.0,2.0,0.0,0.0,1.0,0.0,,2.0,2.0,8.0,Low
,2.0,2.0,2.0,1.0,0.0,1.0,2.0,2.0,13.0,High
1.0,2.0,0.0,0.0,0.0,1.0,0.0,2.0,1.0,7.0,Low
2.0,0.0,2.0,3.0,0.0,2.0,0.0,0.0,1.0,,Low
3.0,2.0,0.0,1.0,3.0,3.0,0.0,1.0,2.0,15.0,High
0.0,1.0,3.0,2.0,3.0,1.0,3.0,1.0,2.0,16.0,High
,1.0,1.0,1.0,2.0,1.0,2.0,1.0,2.0,11.0,Moderate
,0.0,3.0,3.0,3.0,1.0,2.0,0.0,,18.0,High
0.0,1.0,2.0,0.0,0.0,3.0,3.0,1.0,0.0,10.0,Moderate
3.0,1.0,3.0,2.0,0.0,2.0,2.0,3.0,1.0,17.0,High
0.0,2.0,2.0,1.0,0.0,0.0,3.0,1.0,0.0,9.0,Low
1.0,1.0,0.0,1.0,1.0,2.0,1.0,1.0,1.0,9.0,Low
0.0,0.0,0.0,1.0,1.0,2.0,3.0,1.0,1.0,9.0,Low
3.0,,2.0,0.0,3.0,,2.0,0.0,1.0,14.0,High
3.0,3.0,3.0,2.0,2.0,1.0,2.0,3.0,2.0,21.0,High
3.0,2.0,0.0,0.0,2.0,1.0,1.0,3.0,1.0,13.0,High
3.0,0.0,1.0,0.0,2.0,0.0,3.0,2.0,0.0,11.0,Moderate
3.0,2.0,0.0,0.0,1.0,0.0,1.0,2.0,1.0,10.0,Moderate
2.0,2.0,1.0,3.0,0.0,0.0,0.0,3.0,0.0,11.0,Moderate
2.0,0.0,3.0,3.0,0.0,2.0,3.0,1.0,1.0,15.0,High
0.0,2.0,1.0,3.0,1.0,1.0,1.0,1.0,,11.0,Moderate
3.0,,1.0,2.0,2.0,3.0,1.0,1.0,2.0,15.0,High
0.0,0.0,1.0,0.0,2.0,2.0,2.0,0.0,0.0,7.0,Low
3.0,3.0,1.0,0.0,3.0,0.0,3.0,1.0,1.0,15.0,High
3.0,1.0,0.0,3.0,3.0,3.0,0.0,0.0,1.0,14.0,High
2.0,1.0,1.0,0.0,2.0,3.0,0.0,3.0,0.0,12.0,Moderate
2.0,2.0,0.0,0.0,1.0,1.0,3.0,1.0,1.0,11.0,Moderate
1.0,2.0,1.0,1.0,2.0,3.0,3.0,1.0,3.0,17.0,High
2.0,3.0,2.0,0.0,3.0,0.0,1.0,2.0,2.0,15.0,High
1.0,3.0,3.0,1.0,2.0,1.0,2.0,3.0,0.0,16.0,High
1.0,3.0,1.0,0.0,1.0,3.0,2.0,1.0,2.0,14.0,High
1.0,0.0,2.0,2.0,0.0,1.0,2.0,0.0,,11.0,Moderate
1.0,3.0,1.0,3.0,1.0,3.0,3.0,3.0,3.0,21.0,High
1.0,3.0,1.0,1.0,1.0,2.0,2.0,2.0,,16.0,High
0.0,2.0,1.0,3.0,3.0,2.0,1.0,3.0,0.0,15.0,High
2.0,3.0,2.0,1.0,1.0,0.0,3.0,0.0,3.0,15.0,High
1.0,0.0,3.0,1.0,1.0,2.0,3.0,2.0,,13.0,High
3.0,0.0,2.0,1.0,3.0,2.0,2.0,0.0,0.0,13.0,High
2.0,2.0,3.0,2.0,3.0,2.0,0.0,3.0,1.0,18.0,High
2.0,3.0,1.0,0.0,0.0,3.0,0.0,2.0,0.0,11.0,Moderate
1.0,3.0,0.0,1.0,2.0,3.0,1.0,0.0,3.0,14.0,High
0.0,0.0,1.0,2.0,1.0,1.0,2.0,3.0,0.0,10.0,Moderate
1.0,3.0,3.0,1.0,3.0,3.0,2.0,0.0,0.0,16.0,High
,3.0,2.0,0.0,0.0,2.0,3.0,1.0,2.0,13.0,High
3.0,3.0,1.0,,2.0,3.0,3.0,3.0,3.0,22.0,High
2.0,1.0,2.0,2.0,3.0,0.0,2.0,2.0,0.0,14.0,High
3.0,2.0,2.0,0.0,2.0,1.0,3.0,2.0,1.0,16.0,High
0.0,1.0,2.0,2.0,2.0,1.0,2.0,1.0,0.0,11.0,Moderate
0.0,2.0,1.0,0.0,1.0,3.0,1.0,0.0,0.0,8.0,Low
3.0,0.0,2.0,0.0,1.0,2.0,3.0,0.0,2.0,,Low
0.0,3.0,2.0,3.0,3.0,1.0,2.0,2.0,3.0,19.0,High
3.0,2.0,1.0,3.0,2.0,0.0,3.0,0.0,3.0,17.0,High
2.0,1.0,2.0,3.0,3.0,0.0,1.0,3.0,1.0,16.0,High
3.0,3.0,1.0,0.0,3.0,1.0,3.0,3.0,1.0,18.0,High
2.0,0.0,3.0,1.0,2.0,,2.0,2.0,1.0,15.0,High
3.0,2.0,3.0,2.0,3.0,2.0,3.0,3.0,0.0,21.0,High
0.0,2.0,,2.0,2.0,3.0,3.0,2.0,0.0,17.0,High
3.0,2.0,2.0,2.0,2.0,3.0,2.0,0.0,1.0,17.0,High
,3.0,0.0,3.0,2.0,1.0,0.0,0.0,3.0,,Low
3.0,1.0,0.0,0.0,2.0,3.0,3.0,0.0,3.0,15.0,High
3.0,1.0,2.0,3.0,0.0,3.0,3.0,1.0,1.0,17.0,High
1.0,2.0,0.0,1.0,2.0,3.0,1.0,2.0,2.0,,Low
0.0,0.0,1.0,0.0,1.0,0.0,0.0,3.0,3.0,8.0,Low
1.0,0.0,0.0,2.0,1.0,,1.0,0.0,3.0,11.0,Moderate
0.0,1.0,2.0,3.0,1.0,1.0,2.0,1.0,1.0,12.0,Moderate
1.0,,2.0,3.0,2.0,2.0,2.0,3.0,3.0,18.0,High
,1.0,1.0,1.0,1.0,3.0,1.0,3.0,,13.0,High
3.0,2.0,3.0,1.0,0.0,2.0,3.0,3.0,0.0,17.0,High
0.0,1.0,2.0,3.0,3.0,,0.0,0.0,3.0,15.0,High
0.0,1.0,1.0,1.0,2.0,1.0,1.0,3.0,0.0,10.0,Moderate
3.0,2.0,0.0,2.0,1.0,0.0,1.0,2.0,2.0,13.0,High
0.0,0.0,0.0,1.0,0.0,1.0,2.0,1.0,3.0,8.0,Low
0.0,1.0,1.0,,3.0,0.0,3.0,3.0,1.0,13.0,High
1.0,1.0,1.0,3.0,0.0,3.0,0.0,3.0,0.0,12.0,Moderate
0.0,2.0,2.0,3.0,1.0,3.0,1.0,2.0,2.0,16.0,High
2.0,0.0,0.0,0.0,0.0,0.0,0.0,3.0,2.0,7.0,Low
2.0,1.0,,0.0,3.0,1.0,0.0,0.0,0.0,,Low
3.0,2.0,0.0,3.0,1.0,1.0,1.0,0.0,2.0,13.0,High
0.0,1.0,1.0,1.0,3.0,0.0,0.0,0.0,3.0,9.0,Low
3.0,3.0,0.0,1.0,0.0,3.0,2.0,3.0,2.0,17.0,High
2.0,2.0,3.0,0.0,2.0,0.0,,1.0,0.0,13.0,High
0.0,0.0,2.0,0.0,2.0,3.0,,,2.0,13.0,High
0.0,0.0,0.0,0.0,2.0,0.0,3.0,3.0,0.0,8.0,Low
3.0,0.0,3.0,2.0,2.0,3.0,2.0,1.0,0.0,16.0,High
2.0,0.0,0.0,2.0,3.0,0.0,2.0,1.0,2.0,12.0,Moderate
0.0,1.0,0.0,0.0,2.0,2.0,2.0,3.0,0.0,10.0,Moderate
3.0,1.0,3.0,1.0,,3.0,3.0,0.0,0.0,17.0,High
2.0,0.0,0.0,0.0,1.0,1.0,0.0,3.0,1.0,8.0,Low
3.0,0.0,0.0,2.0,,0.0,2.0,0.0,3.0,12.0,Moderate
1.0,0.0,2.0,1.0,3.0,,1.0,0.0,0.0,9.0,Low
0.0,1.0,3.0,2.0,2.0,0.0,2.0,1.0,3.0,14.0,High
1.0,0.0,,1.0,2.0,1.0,1.0,1.0,1.0,11.0,Moderate
2.0,0.0,1.0,2.0,2.0,1.0,,0.0,1.0,12.0,Moderate
1.0,3.0,0.0,1.0,3.0,0.0,1.0,0.0,1.0,10.0,Moderate
1.0,3.0,2.0,1.0,0.0,0.0,2.0,1.0,1.0,11.0,Moderate
2.0,0.0,0.0,1.0,2.0,1.0,2.0,2.0,3.0,13.0,High
3.0,2.0,0.0,1.0,2.0,1.0,0.0,0.0,2.0,11.0,Moderate
,0.0,1.0,3.0,1.0,1.0,3.0,0.0,2.0,12.0,Moderate
3.0,3.0,0.0,2.0,0.0,3.0,1.0,0.0,,15.0,High
1.0,2.0,2.0,2.0,3.0,3.0,,1.0,0.0,17.0,High
3.0,2.0,2.0,3.0,1.0,2.0,2.0,3.0,3.0,21.0,High
2.0,0.0,1.0,1.0,2.0,3.0,0.0,0.0,0.0,9.0,Low
1.0,3.0,0.0,1.0,,3.0,,0.0,0.0,11.0,Moderate
2.0,,2.0,2.0,1.0,0.0,2.0,0.0,2.0,14.0,High
1.0,2.0,0.0,3.0,2.0,2.0,2.0,3.0,1.0,16.0,High
2.0,0.0,0.0,1.0,0.0,2.0,1.0,3.0,2.0,11.0,Moderate
2.0,1.0,0.0,1.0,0.0,3.0,2.0,,2.0,11.0,Moderate
,1.0,,1.0,1.0,0.0,3.0,0.0,3.0,11.0,Moderate
1.0,3.0,0.0,,2.0,0.0,3.0,2.0,3.0,14.0,High
1.0,1.0,2.0,3.0,3.0,2.0,0.0,3.0,0.0,15.0,High
0.0,3.0,0.0,1.0,1.0,0.0,3.0,2.0,3.0,13.0,High
3.0,3.0,2.0,0.0,3.0,1.0,2.0,0.0,0.0,14.0,High
0.0,3.0,0.0,3.0,1.0,3.0,2.0,0.0,0.0,12.0,Moderate
0.0,1.0,2.0,1.0,1.0,1.0,3.0,0.0,1.0,10.0,Moderate
2.0,3.0,2.0,2.0,2.0,2.0,0.0,0.0,1.0,14.0,High
1.0,2.0,0.0,0.0,2.0,2.0,0.0,1.0,2.0,10.0,Moderate
3.0,0.0,0.0,0.0,3.0,0.0,3.0,1.0,1.0,11.0,Moderate
2.0,0.0,2.0,1.0,3.0,0.0,1.0,1.0,0.0,10.0,Moderate
0.0,3.0,3.0,1.0,0.0,2.0,1.0,2.0,,15.0,High
1.0,0.0,,0.0,2.0,2.0,1.0,3.0,1.0,11.0,Moderate
,1.0,3.0,2.0,1.0,1.0,1.0,0.0,1.0,12.0,Moderate
1.0,1.0,3.0,2.0,1.0,1.0,3.0,3.0,1.0,16.0,High
2.0,0.0,0.0,3.0,0.0,0.0,0.0,1.0,1.0,7.0,Low
1.0,1.0,1.0,1.0,2.0,1.0,2.0,0.0,0.0,9.0,Low
0.0,0.0,3.0,2.0,1.0,0.0,2.0,0.0,0.0,8.0,Low
3.0,0.0,0.0,3.0,0.0,0.0,3.0,2.0,2.0,13.0,High
0.0,0.0,3.0,2.0,0.0,3.0,2.0,3.0,3.0,,Low
3.0,3.0,3.0,1.0,1.0,0.0,1.0,2.0,2.0,16.0,High
1.0,0.0,0.0,3.0,1.0,1.0,0.0,1.0,2.0,9.0,Low
,3.0,0.0,3.0,3.0,,3.0,3.0,1.0,20.0,High
0.0,0.0,,3.0,,2.0,0.0,1.0,3.0,11.0,Moderate
3.0,0.0,1.0,2.0,3.0,1.0,3.0,2.0,1.0,16.0,High
0.0,0.0,3.0,1.0,0.0,2.0,3.0,2.0,0.0,11.0,Moderate
3.0,,0.0,3.0,1.0,0.0,3.0,0.0,,13.0,High
0.0,3.0,2.0,0.0,3.0,2.0,3.0,3.0,3.0,19.0,High
3.0,3.0,3.0,1.0,0.0,1.0,0.0,3.0,0.0,14.0,High
3.0,0.0,2.0,0.0,2.0,2.0,,0.0,,13.0,High
1.0,0.0,1.0,0.0,1.0,,3.0,3.0,,12.0,Moderate
3.0,1.0,0.0,3.0,3.0,0.0,1.0,1.0,2.0,14.0,High
1.0,1.0,2.0,3.0,2.0,1.0,,1.0,3.0,17.0,High
3.0,1.0,1.0,2.0,3.0,1.0,0.0,2.0,2.0,,Low
2.0,3.0,0.0,2.0,0.0,1.0,3.0,1.0,1.0,13.0,High
2.0,3.0,2.0,2.0,2.0,3.0,1.0,3.0,2.0,20.0,High
2.0,,2.0,1.0,3.0,3.0,0.0,0.0,2.0,,Low
3.0,0.0,1.0,2.0,2.0,0.0,3.0,2.0,3.0,16.0,High
1.0,3.0,0.0,0.0,0.0,3.0,1.0,0.0,3.0,11.0,Moderate
1.0,2.0,0.0,2.0,2.0,3.0,0.0,2.0,1.0,13.0,High
3.0,2.0,2.0,3.0,3.0,2.0,,2.0,3.0,23.0,High
2.0,1.0,2.0,2.0,0.0,3.0,1.0,0.0,2.0,13.0,High
2.0,3.0,2.0,1.0,1.0,2.0,0.0,1.0,3.0,15.0,High
1.0,2.0,0.0,1.0,3.0,1.0,3.0,1.0,3.0,15.0,High
2.0,1.0,1.0,0.0,3.0,2.0,0.0,1.0,3.0,13.0,High
0.0,3.0,1.0,1.0,0.0,2.0,1.0,1.0,1.0,10.0,Moderate
1.0,0.0,0.0,2.0,0.0,,3.0,0.0,1.0,8.0,Low
2.0,2.0,3.0,3.0,1.0,1.0,3.0,3.0,0.0,18.0,High
1.0,0.0,1.0,1.0,3.0,0.0,3.0,2.0,1.0,12.0,Moderate
0.0,3.0,2.0,0.0,0.0,0.0,1.0,0.0,1.0,7.0,Low
1.0,2.0,3.0,2.0,,0.0,2.0,1.0,1.0,13.0,High
1.0,3.0,3.0,0.0,1.0,0.0,3.0,1.0,2.0,14.0,High
1.0,0.0,1.0,1.0,0.0,2.0,1.0,0.0,0.0,6.0,Low
1.0,2.0,3.0,1.0,3.0,2.0,0.0,2.0,2.0,16.0,High
0.0,0.0,3.0,0.0,,0.0,0.0,0.0,1.0,6.0,Low
3.0,3.0,1.0,2.0,,3.0,1.0,0.0,1.0,16.0,High
1.0,3.0,1.0,1.0,1.0,0.0,2.0,3.0,0.0,12.0,Moderate
1.0,0.0,3.0,3.0,2.0,3.0,1.0,0.0,0.0,13.0,High
2.0,2.0,2.0,1.0,2.0,1.0,0.0,3.0,3.0,16.0,High
1.0,0.0,0.0,2.0,0.0,2.0,0.0,2.0,1.0,8.0,Low
2.0,3.0,3.0,1.0,1.0,2.0,3.0,0.0,1.0,,Low
,0.0,3.0,0.0,3.0,3.0,2.0,0.0,2.0,16.0,High
0.0,3.0,2.0,1.0,1.0,0.0,1.0,1.0,3.0,12.0,Moderate
0.0,0.0,3.0,1.0,0.0,2.0,0.0,0.0,1.0,7.0,Low
3.0,2.0,3.0,,2.0,3.0,0.0,1.0,2.0,18.0,High
0.0,2.0,0.0,0.0,3.0,1.0,0.0,1.0,0.0,7.0,Low
3.0,0.0,0.0,2.0,1.0,1.0,1.0,1.0,2.0,11.0,Moderate
3.0,0.0,0.0,1.0,2.0,2.0,1.0,2.0,1.0,12.0,Moderate
3.0,2.0,1.0,,1.0,0.0,2.0,3.0,2.0,17.0,High
0.0,3.0,1.0,1.0,3.0,3.0,3.0,1.0,2.0,17.0,High
2.0,2.0,0.0,2.0,1.0,2.0,3.0,0.0,3.0,15.0,High
3.0,3.0,0.0,3.0,1.0,1.0,3.0,0.0,3.0,17.0,High
1.0,,1.0,2.0,1.0,0.0,0.0,1.0,0.0,6.0,Low
0.0,0.0,2.0,2.0,2.0,3.0,3.0,1.0,3.0,16.0,High
3.0,3.0,3.0,0.0,3.0,2.0,0.0,0.0,2.0,16.0,High
3.0,0.0,3.0,3.0,3.0,3.0,2.0,1.0,3.0,21.0,High
1.0,3.0,0.0,1.0,2.0,0.0,,3.0,1.0,11.0,Moderate
2.0,1.0,2.0,2.0,2.0,0.0,2.0,3.0,,16.0,High
2.0,2.0,1.0,1.0,2.0,1.0,2.0,2.0,2.0,15.0,High
2.0,1.0,0.0,0.0,,0.0,3.0,1.0,2.0,9.0,Low
3.0,3.0,2.0,0.0,1.0,2.0,3.0,2.0,1.0,17.0,High
3.0,2.0,2.0,3.0,1.0,3.0,0.0,2.0,2.0,18.0,High
3.0,3.0,2.0,0.0,3.0,0.0,1.0,2.0,3.0,17.0,High
0.0,2.0,1.0,0.0,1.0,0.0,3.0,1.0,1.0,9.0,Low
1.0,2.0,1.0,1.0,0.0,2.0,3.0,2.0,2.0,14.0,High
3.0,2.0,3.0,0.0,2.0,3.0,1.0,3.0,3.0,20.0,High
1.0,2.0,3.0,0.0,3.0,3.0,1.0,2.0,3.0,18.0,High
1.0,3.0,2.0,2.0,3.0,1.0,3.0,3.0,0.0,18.0,High
2.0,2.0,2.0,0.0,1.0,,1.0,3.0,3.0,15.0,High
0.0,2.0,1.0,2.0,3.0,3.0,0.0,1.0,3.0,15.0,High
3.0,1.0,3.0,0.0,2.0,2.0,2.0,2.0,0.0,15.0,High
2.0,0.0,2.0,0.0,3.0,2.0,2.0,1.0,0.0,12.0,Moderate
,0.0,3.0,3.0,2.0,1.0,3.0,3.0,1.0,18.0,High
3.0,1.0,3.0,3.0,0.0,0.0,3.0,0.0,3.0,16.0,High
1.0,1.0,2.0,2.0,0.0,,0.0,2.0,,11.0,Moderate
2.0,3.0,1.0,0.0,2.0,0.0,1.0,1.0,1.0,11.0,Moderate
1.0,3.0,2.0,1.0,1.0,2.0,3.0,0.0,2.0,15.0,High
0.0,3.0,2.0,,3.0,3.0,2.0,2.0,1.0,19.0,High
1.0,1.0,3.0,1.0,1.0,1.0,0.0,2.0,1.0,11.0,Moderate
0.0,1.0,2.0,3.0,3.0,0.0,0.0,1.0,1.0,11.0,Moderate
1.0,2.0,1.0,3.0,0.0,0.0,1.0,0.0,1.0,9.0,Low
2.0,3.0,2.0,0.0,0.0,3.0,3.0,1.0,0.0,14.0,High
2.0,3.0,1.0,3.0,0.0,2.0,3.0,2.0,3.0,19.0,High
,3.0,1.0,1.0,3.0,0.0,0.0,2.0,2.0,12.0,Moderate
3.0,0.0,,3.0,0.0,2.0,2.0,3.0,0.0,16.0,High
0.0,2.0,0.0,2.0,0.0,3.0,3.0,2.0,2.0,14.0,High
0.0,3.0,0.0,0.0,0.0,1.0,2.0,2.0,2.0,10.0,Moderate
1.0,3.0,3.0,0.0,0.0,0.0,0.0,0.0,0.0,7.0,Low
1.0,3.0,2.0,2.0,1.0,2.0,3.0,0.0,,,Low
0.0,0.0,3.0,2.0,0.0,0.0,2.0,3.0,0.0,10.0,Moderate
2.0,0.0,1.0,2.0,0.0,2.0,,3.0,2.0,12.0,Moderate
1.0,1.0,0.0,3.0,1.0,2.0,2.0,,2.0,15.0,High
3.0,2.0,3.0,0.0,1.0,2.0,3.0,1.0,1.0,16.0,High
1.0,1.0,2.0,2.0,3.0,3.0,1.0,,0.0,14.0,High
1.0,2.0,3.0,3.0,2.0,1.0,2.0,3.0,3.0,20.0,High
3.0,0.0,0.0,2.0,0.0,0.0,1.0,1.0,2.0,9.0,Low
0.0,3.0,3.0,1.0,0.0,1.0,3.0,2.0,0.0,13.0,High
3.0,1.0,3.0,1.0,0.0,2.0,1.0,3.0,1.0,15.0,High
0.0,3.0,0.0,0.0,3.0,2.0,0.0,3.0,1.0,12.0,Moderate
0.0,1.0,1.0,3.0,0.0,1.0,1.0,1.0,3.0,11.0,Moderate
0.0,0.0,1.0,1.0,2.0,1.0,,0.0,2.0,9.0,Low
3.0,0.0,0.0,1.0,1.0,0.0,2.0,3.0,3.0,13.0,High
0.0,0.0,3.0,3.0,3.0,2.0,1.0,1.0,3.0,16.0,High
2.0,1.0,0.0,2.0,1.0,1.0,0.0,1.0,3.0,11.0,Moderate
3.0,2.0,1.0,3.0,0.0,3.0,3.0,0.0,,18.0,High
2.0,1.0,2.0,2.0,0.0,2.0,1.0,3.0,1.0,14.0,High
0.0,2.0,3.0,1.0,0.0,2.0,2.0,0.0,2.0,12.0,Moderate
1.0,1.0,1.0,1.0,2.0,,2.0,2.0,,13.0,High
0.0,1.0,3.0,1.0,2.0,3.0,1.0,0.0,2.0,13.0,High
2.0,0.0,0.0,0.0,3.0,0.0,1.0,0.0,1.0,7.0,Low
2.0,3.0,2.0,0.0,1.0,3.0,1.0,1.0,1.0,14.0,High
3.0,3.0,0.0,0.0,0.0,0.0,3.0,0.0,0.0,9.0,Low
,2.0,2.0,3.0,0.0,3.0,2.0,2.0,0.0,15.0,High
3.0,3.0,3.0,1.0,0.0,3.0,2.0,1.0,2.0,18.0,High
2.0,1.0,3.0,1.0,0.0,3.0,2.0,2.0,0.0,14.0,High
0.0,1.0,0.0,3.0,2.0,1.0,3.0,0.0,3.0,13.0,High
1.0,0.0,2.0,0.0,1.0,2.0,0.0,2.0,2.0,10.0,Moderate
0.0,0.0,2.0,3.0,1.0,3.0,2.0,2.0,1.0,14.0,High
0.0,3.0,3.0,0.0,3.0,1.0,2.0,0.0,1.0,13.0,High
1.0,2.0,0.0,1.0,2.0,1.0,0.0,0.0,3.0,10.0,Moderate
3.0,3.0,2.0,2.0,0.0,0.0,3.0,1.0,0.0,14.0,High
0.0,3.0,3.0,0.0,1.0,2.0,0.0,1.0,2.0,12.0,Moderate
2.0,3.0,1.0,1.0,1.0,2.0,0.0,3.0,2.0,15.0,High
0.0,3.0,0.0,1.0,2.0,0.0,0.0,,3.0,10.0,Moderate
,1.0,1.0,2.0,3.0,2.0,0.0,0.0,0.0,10.0,Moderate
1.0,,,1.0,3.0,0.0,3.0,2.0,2.0,14.0,High
1.0,1.0,3.0,1.0,0.0,1.0,3.0,2.0,3.0,15.0,High
3.0,,2.0,0.0,3.0,1.0,0.0,1.0,2.0,14.0,High
0.0,0.0,2.0,0.0,1.0,3.0,1.0,1.0,1.0,9.0,Low
3.0,3.0,2.0,2.0,3.0,0.0,1.0,0.0,2.0,16.0,High
3.0,1.0,,2.0,0.0,1.0,1.0,2.0,2.0,12.0,Moderate
1.0,2.0,3.0,1.0,1.0,1.0,1.0,3.0,2.0,15.0,High
1.0,0.0,1.0,0.0,3.0,0.0,2.0,3.0,,10.0,Moderate
3.0,0.0,3.0,2.0,3.0,1.0,3.0,1.0,0.0,16.0,High
0.0,3.0,1.0,2.0,2.0,2.0,3.0,3.0,,19.0,High
2.0,2.0,0.0,3.0,0.0,1.0,0.0,0.0,0.0,8.0,Low
3.0,1.0,0.0,2.0,3.0,0.0,2.0,3.0,2.0,16.0,High
0.0,3.0,1.0,1.0,2.0,2.0,0.0,1.0,2.0,,Low
1.0,1.0,1.0,0.0,1.0,2.0,0.0,0.0,0.0,6.0,Low
1.0,0.0,1.0,2.0,2.0,1.0,3.0,2.0,0.0,12.0,Moderate
0.0,1.0,3.0,,2.0,3.0,2.0,0.0,2.0,16.0,High
2.0,,1.0,0.0,3.0,2.0,1.0,1.0,2.0,13.0,High
1.0,3.0,,2.0,3.0,0.0,3.0,1.0,1.0,14.0,High
1.0,1.0,0.0,3.0,3.0,3.0,2.0,3.0,3.0,19.0,High
1.0,3.0,2.0,2.0,2.0,3.0,2.0,3.0,0.0,18.0,High
0.0,0.0,1.0,0.0,1.0,2.0,3.0,2.0,3.0,12.0,Moderate
3.0,3.0,3.0,0.0,0.0,1.0,3.0,2.0,2.0,17.0,High
1.0,3.0,3.0,0.0,2.0,3.0,0.0,1.0,3.0,16.0,High
3.0,2.0,3.0,1.0,3.0,1.0,0.0,1.0,0.0,14.0,High
2.0,1.0,2.0,2.0,0.0,2.0,0.0,1.0,0.0,10.0,Moderate
1.0,0.0,0.0,1.0,1.0,0.0,,2.0,3.0,9.0,Low
1.0,3.0,3.0,0.0,0.0,3.0,3.0,1.0,0.0,14.0,High
2.0,0.0,0.0,3.0,3.0,0.0,2.0,2.0,1.0,13.0,High
1.0,2.0,2.0,2.0,2.0,1.0,3.0,1.0,2.0,16.0,High
3.0,1.0,1.0,1.0,2.0,1.0,2.0,0.0,2.0,13.0,High
0.0,3.0,1.0,2.0,3.0,0.0,1.0,0.0,0.0,10.0,Moderate
3.0,1.0,1.0,3.0,2.0,2.0,3.0,1.0,2.0,18.0,High
0.0,2.0,3.0,1.0,3.0,2.0,2.0,0.0,1.0,14.0,High
0.0,2.0,1.0,0.0,2.0,3.0,2.0,2.0,,12.0,Moderate
3.0,0.0,3.0,1.0,2.0,3.0,0.0,3.0,1.0,16.0,High
3.0,3.0,2.0,2.0,2.0,2.0,1.0,0.0,1.0,16.0,High
3.0,0.0,2.0,2.0,1.0,,3.0,3.0,2.0,18.0,High
,2.0,3.0,2.0,1.0,0.0,0.0,0.0,2.0,13.0,High
2.0,1.0,0.0,2.0,3.0,1.0,1.0,2.0,3.0,15.0,High
1.0,0.0,,0.0,1.0,1.0,0.0,0.0,1.0,5.0,Low
0.0,0.0,1.0,1.0,3.0,3.0,3.0,0.0,2.0,13.0,High
3.0,1.0,1.0,0.0,,2.0,2.0,1.0,1.0,11.0,Moderate
3.0,0.0,3.0,0.0,0.0,0.0,3.0,3.0,3.0,15.0,High
3.0,1.0,2.0,0.0,1.0,,1.0,3.0,1.0,15.0,High
2.0,3.0,1.0,2.0,0.0,0.0,3.0,2.0,0.0,,Low
3.0,1.0,2.0,2.0,0.0,2.0,1.0,2.0,3.0,16.0,High
3.0,3.0,1.0,,2.0,2.0,0.0,3.0,3.0,19.0,High
3.0,1.0,1.0,1.0,2.0,2.0,1.0,1.0,1.0,13.0,High
1.0,,3.0,3.0,3.0,1.0,2.0,1.0,1.0,17.0,High
2.0,2.0,0.0,2.0,0.0,2.0,2.0,3.0,2.0,,Low
3.0,3.0,3.0,1.0,3.0,3.0,,0.0,0.0,18.0,High
0.0,3.0,1.0,2.0,3.0,1.0,0.0,3.0,3.0,16.0,High
0.0,2.0,1.0,2.0,0.0,0.0,1.0,0.0,3.0,9.0,Low
0.0,3.0,0.0,0.0,1.0,3.0,0.0,3.0,3.0,13.0,High
2.0,1.0,2.0,0.0,0.0,3.0,3.0,0.0,2.0,13.0,High
,1.0,2.0,,2.0,0.0,3.0,1.0,0.0,11.0,Moderate
,2.0,1.0,1.0,0.0,1.0,3.0,3.0,3.0,14.0,High
3.0,0.0,2.0,3.0,1.0,3.0,3.0,2.0,3.0,20.0,High
2.0,1.0,1.0,3.0,3.0,,2.0,0.0,,17.0,High
0.0,3.0,0.0,1.0,3.0,3.0,1.0,1.0,1.0,13.0,High
0.0,0.0,0.0,2.0,2.0,1.0,2.0,2.0,3.0,12.0,Moderate
3.0,0.0,1.0,1.0,2.0,1.0,1.0,1.0,0.0,10.0,Moderate
1.0,1.0,0.0,2.0,2.0,1.0,1.0,,0.0,8.0,Low
2.0,1.0,,1.0,3.0,3.0,0.0,3.0,,16.0,High
3.0,0.0,3.0,1.0,,2.0,3.0,1.0,,15.0,High
0.0,0.0,0.0,1.0,0.0,0.0,1.0,3.0,2.0,7.0,Low
0.0,2.0,1.0,3.0,3.0,2.0,3.0,3.0,3.0,20.0,High
3.0,3.0,1.0,0.0,1.0,1.0,3.0,1.0,2.0,15.0,High
2.0,2.0,0.0,1.0,3.0,3.0,3.0,1.0,0.0,15.0,High
1.0,1.0,2.0,3.0,0.0,3.0,2.0,1.0,0.0,13.0,High
1.0,2.0,3.0,0.0,,2.0,3.0,3.0,0.0,14.0,High
0.0,2.0,2.0,0.0,2.0,2.0,1.0,2.0,2.0,13.0,High
2.0,2.0,1.0,1.0,3.0,0.0,2.0,0.0,0.0,11.0,Moderate
1.0,2.0,1.0,2.0,3.0,3.0,3.0,2.0,3.0,20.0,High
,,2.0,2.0,3.0,2.0,0.0,3.0,0.0,17.0,High
2.0,3.0,0.0,2.0,1.0,0.0,3.0,1.0,3.0,15.0,High
0.0,0.0,2.0,1.0,,,3.0,1.0,3.0,13.0,High
1.0,1.0,2.0,2.0,0.0,2.0,2.0,0.0,0.0,10.0,Moderate
3.0,2.0,3.0,3.0,,1.0,,0.0,2.0,15.0,High
0.0,0.0,3.0,3.0,2.0,0.0,3.0,,1.0,14.0,High
1.0,0.0,2.0,3.0,0.0,,2.0,2.0,1.0,12.0,Moderate
1.0,0.0,2.0,3.0,0.0,,2.0,0.0,3.0,14.0,High
1.0,3.0,1.0,0.0,2.0,3.0,,,2.0,16.0,High
1.0,2.0,3.0,3.0,0.0,1.0,2.0,2.0,1.0,15.0,High
1.0,,3.0,2.0,3.0,,1.0,1.0,0.0,16.0,High
2.0,1.0,1.0,,1.0,0.0,0.0,1.0,0.0,7.0,Low
0.0,2.0,0.0,2.0,2.0,3.0,3.0,3.0,3.0,18.0,High
2.0,2.0,3.0,3.0,1.0,1.0,2.0,0.0,2.0,16.0,High
3.0,0.0,3.0,0.0,0.0,1.0,0.0,2.0,2.0,11.0,Moderate
1.0,1.0,0.0,3.0,0.0,1.0,2.0,1.0,1.0,10.0,Moderate
0.0,2.0,3.0,1.0,3.0,2.0,2.0,0.0,1.0,14.0,High
1.0,3.0,3.0,2.0,2.0,,0.0,2.0,,14.0,High
0.0,2.0,0.0,1.0,0.0,,2.0,3.0,3.0,11.0,Moderate
2.0,0.0,0.0,1.0,2.0,,2.0,1.0,2.0,13.0,High
0.0,3.0,2.0,1.0,2.0,3.0,0.0,3.0,1.0,15.0,High
3.0,0.0,1.0,2.0,2.0,2.0,2.0,3.0,1.0,16.0,High
3.0,2.0,1.0,3.0,2.0,2.0,1.0,3.0,3.0,20.0,High
0.0,3.0,0.0,1.0,2.0,0.0,2.0,2.0,3.0,13.0,High
0.0,1.0,0.0,2.0,1.0,1.0,3.0,3.0,0.0,11.0,Moderate
0.0,1.0,3.0,0.0,3.0,2.0,2.0,2.0,3.0,16.0,High
0.0,3.0,2.0,2.0,2.0,,3.0,2.0,0.0,17.0,High
3.0,3.0,2.0,0.0,1.0,2.0,3.0,3.0,0.0,17.0,High
1.0,0.0,0.0,2.0,0.0,2.0,2.0,3.0,3.0,13.0,High
0.0,3.0,3.0,3.0,2.0,1.0,0.0,0.0,3.0,15.0,High
0.0,0.0,3.0,1.0,0.0,2.0,1.0,1.0,3.0,11.0,Moderate
3.0,2.0,1.0,3.0,2.0,0.0,1.0,0.0,3.0,15.0,High
3.0,0.0,1.0,2.0,1.0,3.0,2.0,1.0,3.0,16.0,High
2.0,3.0,,1.0,1.0,1.0,0.0,,,12.0,Moderate
0.0,3.0,1.0,0.0,1.0,3.0,0.0,0.0,1.0,9.0,Low
2.0,2.0,0.0,2.0,3.0,0.0,1.0,0.0,2.0,12.0,Moderate
3.0,3.0,3.0,1.0,0.0,0.0,0.0,1.0,2.0,,Low
3.0,3.0,1.0,0.0,3.0,,2.0,1.0,0.0,15.0,High
1.0,1.0,2.0,0.0,2.0,2.0,,1.0,0.0,11.0,Moderate
0.0,1.0,3.0,3.0,0.0,2.0,0.0,2.0,1.0,12.0,Moderate
2.0,2.0,3.0,2.0,1.0,3.0,,1.0,3.0,19.0,High
3.0,0.0,2.0,0.0,0.0,0.0,3.0,3.0,0.0,11.0,Moderate
3.0,1.0,0.0,1.0,1.0,1.0,1.0,,2.0,13.0,High
2.0,0.0,2.0,0.0,3.0,2.0,2.0,3.0,3.0,17.0,High
1.0,3.0,3.0,0.0,3.0,3.0,0.0,,,13.0,High
,1.0,0.0,3.0,1.0,2.0,1.0,0.0,3.0,14.0,High
0.0,2.0,1.0,3.0,1.0,0.0,2.0,0.0,2.0,11.0,Moderate
3.0,2.0,1.0,1.0,2.0,1.0,1.0,1.0,3.0,15.0,High
0.0,2.0,1.0,3.0,3.0,,0.0,3.0,0.0,12.0,Moderate
2.0,1.0,3.0,0.0,3.0,3.0,3.0,1.0,0.0,16.0,High
0.0,0.0,2.0,0.0,2.0,2.0,3.0,2.0,2.0,13.0,High
,3.0,0.0,,3.0,,2.0,2.0,1.0,16.0,High
0.0,0.0,1.0,0.0,1.0,3.0,3.0,0.0,1.0,,Low
2.0,0.0,0.0,0.0,0.0,2.0,2.0,2.0,3.0,11.0,Moderate
0.0,3.0,3.0,1.0,0.0,1.0,1.0,3.0,0.0,12.0,Moderate
1.0,3.0,1.0,3.0,3.0,0.0,,2.0,0.0,15.0,High
0.0,1.0,3.0,0.0,,2.0,2.0,0.0,2.0,12.0,Moderate
0.0,1.0,,3.0,1.0,2.0,2.0,1.0,2.0,14.0,High
1.0,1.0,3.0,1.0,0.0,2.0,3.0,2.0,0.0,13.0,High
3.0,1.0,3.0,3.0,,2.0,2.0,3.0,2.0,20.0,High
3.0,1.0,2.0,0.0,3.0,0.0,0.0,3.0,1.0,13.0,High
0.0,3.0,0.0,3.0,3.0,2.0,2.0,3.0,1.0,17.0,High
1.0,,2.0,0.0,0.0,3.0,1.0,1.0,3.0,11.0,Moderate
0.0,1.0,2.0,0.0,3.0,0.0,0.0,3.0,2.0,11.0,Moderate
2.0,1.0,3.0,0.0,2.0,2.0,1.0,0.0,3.0,14.0,High
2.0,0.0,0.0,1.0,3.0,0.0,1.0,,2.0,9.0,Low
0.0,1.0,1.0,3.0,3.0,3.0,1.0,3.0,2.0,17.0,High
3.0,0.0,2.0,1.0,3.0,3.0,0.0,2.0,1.0,15.0,High
3.0,0.0,0.0,3.0,1.0,0.0,,3.0,0.0,10.0,Moderate
0.0,3.0,,1.0,1.0,,3.0,0.0,2.0,14.0,High
0.0,2.0,2.0,2.0,0.0,2.0,0.0,0.0,2.0,10.0,Moderate
,3.0,2.0,0.0,0.0,3.0,2.0,,2.0,14.0,High
3.0,2.0,2.0,0.0,0.0,,1.0,,,12.0,Moderate
0.0,2.0,3.0,1.0,3.0,3.0,3.0,,3.0,20.0,High
2.0,2.0,0.0,2.0,1.0,2.0,0.0,2.0,3.0,14.0,High
,,0.0,0.0,2.0,3.0,1.0,0.0,2.0,12.0,Moderate
1.0,3.0,0.0,3.0,3.0,1.0,0.0,1.0,2.0,14.0,High
2.0,,2.0,1.0,3.0,2.0,3.0,3.0,3.0,21.0,High
3.0,0.0,3.0,0.0,3.0,2.0,0.0,3.0,3.0,17.0,High
3.0,1.0,2.0,0.0,2.0,2.0,0.0,0.0,1.0,11.0,Moderate
2.0,3.0,2.0,1.0,0.0,0.0,1.0,2.0,2.0,13.0,High
1.0,2.0,0.0,1.0,2.0,2.0,2.0,1.0,3.0,14.0,High
2.0,0.0,2.0,3.0,0.0,0.0,0.0,1.0,1.0,9.0,Low
3.0,3.0,1.0,3.0,2.0,0.0,3.0,2.0,0.0,17.0,High
0.0,3.0,2.0,0.0,1.0,3.0,0.0,3.0,2.0,14.0,High
0.0,1.0,1.0,0.0,3.0,0.0,0.0,3.0,3.0,,Low
2.0,3.0,2.0,1.0,3.0,0.0,2.0,1.0,2.0,16.0,High
3.0,1.0,3.0,0.0,3.0,1.0,1.0,1.0,1.0,14.0,High
0.0,2.0,3.0,0.0,0.0,2.0,3.0,2.0,3.0,15.0,High
3.0,1.0,0.0,1.0,2.0,0.0,1.0,3.0,0.0,11.0,Moderate
2.0,,2.0,0.0,1.0,2.0,1.0,1.0,0.0,9.0,Low
0.0,1.0,,0.0,2.0,0.0,1.0,3.0,1.0,9.0,Low
3.0,0.0,1.0,2.0,3.0,3.0,0.0,1.0,0.0,13.0,High
0.0,,2.0,3.0,1.0,1.0,2.0,2.0,0.0,12.0,Moderate
2.0,3.0,1.0,1.0,1.0,0.0,0.0,,0.0,11.0,Moderate
3.0,2.0,3.0,2.0,3.0,2.0,3.0,1.0,0.0,19.0,High
0.0,0.0,1.0,3.0,2.0,3.0,2.0,,0.0,12.0,Moderate
2.0,1.0,0.0,3.0,3.0,,1.0,1.0,0.0,13.0,High
0.0,1.0,3.0,3.0,2.0,3.0,2.0,1.0,0.0,15.0,High
,1.0,3.0,2.0,1.0,1.0,3.0,2.0,3.0,16.0,High
1.0,3.0,3.0,2.0,1.0,3.0,0.0,3.0,0.0,16.0,High
1.0,3.0,2.0,3.0,3.0,2.0,0.0,3.0,3.0,20.0,High
2.0,0.0,2.0,0.0,1.0,2.0,1.0,,2.0,10.0,Moderate
1.0,0.0,3.0,0.0,0.0,0.0,0.0,3.0,1.0,8.0,Low
2.0,3.0,2.0,2.0,1.0,3.0,0.0,0.0,0.0,13.0,High
1.0,0.0,1.0,2.0,0.0,2.0,3.0,1.0,1.0,11.0,Moderate
0.0,2.0,2.0,2.0,1.0,0.0,2.0,2.0,0.0,11.0,Moderate
2.0,2.0,2.0,3.0,3.0,1.0,0.0,2.0,3.0,18.0,High
2.0,3.0,3.0,0.0,3.0,2.0,3.0,1.0,0.0,17.0,High
0.0,0.0,0.0,2.0,0.0,0.0,3.0,0.0,2.0,7.0,Low
2.0,1.0,0.0,,3.0,2.0,1.0,1.0,1.0,13.0,High
2.0,2.0,0.0,,,3.0,3.0,2.0,1.0,15.0,High
1.0,3.0,1.0,3.0,1.0,0.0,1.0,2.0,2.0,14.0,High
2.0,0.0,2.0,1.0,3.0,3.0,0.0,3.0,3.0,17.0,High
3.0,3.0,0.0,0.0,1.0,1.0,1.0,0.0,3.0,12.0,Moderate
0.0,1.0,3.0,,2.0,3.0,3.0,3.0,2.0,18.0,High
1.0,2.0,0.0,1.0,2.0,0.0,2.0,2.0,1.0,11.0,Moderate
1.0,3.0,0.0,1.0,1.0,2.0,2.0,2.0,0.0,12.0,Moderate
3.0,3.0,2.0,3.0,3.0,0.0,0.0,3.0,3.0,,Low
0.0,3.0,2.0,0.0,0.0,3.0,0.0,3.0,0.0,11.0,Moderate
0.0,1.0,2.0,1.0,3.0,,2.0,2.0,1.0,15.0,High
1.0,3.0,1.0,,0.0,2.0,1.0,,0.0,14.0,High
2.0,1.0,,,3.0,1.0,0.0,3.0,2.0,13.0,High
1.0,1.0,0.0,2.0,1.0,0.0,3.0,0.0,3.0,,Low
0.0,1.0,2.0,,2.0,2.0,0.0,2.0,3.0,13.0,High
3.0,2.0,0.0,0.0,3.0,2.0,1.0,1.0,2.0,14.0,High
1.0,,3.0,1.0,0.0,2.0,0.0,0.0,2.0,11.0,Moderate
0.0,3.0,3.0,2.0,2.0,,3.0,1.0,3.0,17.0,High
1.0,3.0,2.0,0.0,0.0,0.0,3.0,3.0,3.0,15.0,High
2.0,2.0,2.0,3.0,1.0,0.0,3.0,3.0,3.0,19.0,High
1.0,0.0,3.0,0.0,2.0,1.0,1.0,1.0,1.0,10.0,Moderate
1.0,2.0,2.0,3.0,0.0,2.0,1.0,3.0,1.0,15.0,High
0.0,1.0,1.0,0.0,3.0,3.0,3.0,3.0,1.0,15.0,High
,2.0,1.0,3.0,1.0,3.0,3.0,0.0,0.0,,Low
0.0,1.0,2.0,2.0,1.0,2.0,1.0,1.0,1.0,11.0,Moderate
1.0,3.0,3.0,2.0,1.0,3.0,,0.0,3.0,17.0,High
2.0,0.0,0.0,2.0,3.0,1.0,1.0,1.0,1.0,11.0,Moderate
3.0,3.0,2.0,0.0,3.0,1.0,2.0,0.0,3.0,,Low
3.0,1.0,2.0,2.0,2.0,0.0,1.0,2.0,2.0,15.0,High
0.0,1.0,0.0,1.0,3.0,0.0,3.0,2.0,0.0,10.0,Moderate
0.0,1.0,2.0,2.0,2.0,0.0,2.0,,,,Low
1.0,0.0,0.0,3.0,1.0,0.0,1.0,2.0,2.0,10.0,Moderate
3.0,2.0,3.0,3.0,2.0,0.0,3.0,0.0,3.0,19.0,High
0.0,3.0,,3.0,0.0,3.0,0.0,1.0,,11.0,Moderate
,3.0,3.0,0.0,1.0,3.0,2.0,2.0,,17.0,High
2.0,2.0,,1.0,1.0,0.0,3.0,2.0,3.0,15.0,High
0.0,3.0,0.0,2.0,2.0,1.0,0.0,1.0,,,Low
0.0,0.0,1.0,1.0,1.0,3.0,3.0,,2.0,13.0,High
3.0,3.0,,1.0,3.0,1.0,1.0,2.0,3.0,20.0,High
3.0,1.0,1.0,3.0,0.0,1.0,1.0,1.0,,11.0,Moderate
1.0,2.0,0.0,3.0,2.0,2.0,0.0,2.0,2.0,14.0,High
,0.0,1.0,3.0,2.0,2.0,1.0,2.0,3.0,17.0,High
2.0,2.0,2.0,0.0,1.0,0.0,,2.0,1.0,13.0,High
2.0,0.0,3.0,1.0,3.0,1.0,0.0,2.0,3.0,15.0,High
,1.0,2.0,1.0,1.0,3.0,3.0,,,15.0,High
3.0,2.0,0.0,0.0,1.0,2.0,3.0,1.0,3.0,15.0,High
1.0,3.0,1.0,0.0,2.0,2.0,3.0,3.0,2.0,17.0,High
2.0,0.0,2.0,0.0,1.0,1.0,1.0,3.0,1.0,11.0,Moderate
2.0,2.0,2.0,1.0,0.0,2.0,1.0,0.0,1.0,11.0,Moderate
,3.0,1.0,1.0,1.0,2.0,3.0,3.0,3.0,18.0,High
,2.0,1.0,3.0,1.0,3.0,2.0,3.0,0.0,16.0,High
2.0,2.0,3.0,3.0,2.0,1.0,3.0,0.0,1.0,17.0,High
2.0,2.0,2.0,1.0,1.0,2.0,3.0,2.0,3.0,18.0,High
1.0,0.0,2.0,3.0,3.0,1.0,0.0,2.0,2.0,14.0,High
2.0,3.0,0.0,0.0,2.0,,3.0,3.0,3.0,18.0,High
0.0,1.0,3.0,2.0,,3.0,1.0,0.0,,14.0,High
0.0,0.0,0.0,3.0,0.0,1.0,0.0,2.0,1.0,7.0,Low
1.0,0.0,2.0,1.0,,2.0,2.0,0.0,0.0,8.0,Low
3.0,0.0,0.0,3.0,2.0,3.0,0.0,1.0,,14.0,High
1.0,1.0,2.0,3.0,2.0,2.0,2.0,1.0,1.0,15.0,High
1.0,3.0,2.0,3.0,1.0,1.0,0.0,1.0,1.0,13.0,High
3.0,3.0,0.0,2.0,3.0,2.0,0.0,1.0,1.0,,Low
3.0,3.0,0.0,0.0,1.0,,2.0,3.0,2.0,,Low
3.0,2.0,1.0,1.0,0.0,1.0,1.0,1.0,0.0,10.0,Moderate
0.0,2.0,1.0,2.0,3.0,2.0,1.0,1.0,2.0,14.0,High
2.0,2.0,1.0,1.0,3.0,3.0,1.0,0.0,2.0,15.0,High
0.0,1.0,2.0,1.0,3.0,0.0,0.0,2.0,0.0,9.0,Low
2.0,2.0,0.0,1.0,1.0,3.0,3.0,0.0,2.0,14.0,High
0.0,1.0,3.0,2.0,0.0,3.0,0.0,3.0,,15.0,High
2.0,,2.0,0.0,2.0,2.0,3.0,1.0,2.0,17.0,High
0.0,2.0,3.0,1.0,1.0,3.0,3.0,2.0,1.0,16.0,High
,,,0.0,2.0,3.0,1.0,2.0,2.0,15.0,High
1.0,0.0,2.0,0.0,3.0,0.0,3.0,1.0,1.0,11.0,Moderate
0.0,1.0,,3.0,3.0,,0.0,1.0,2.0,16.0,High
2.0,3.0,3.0,2.0,1.0,0.0,0.0,3.0,1.0,15.0,High
3.0,0.0,1.0,2.0,0.0,2.0,1.0,3.0,1.0,13.0,High
,0.0,1.0,3.0,3.0,0.0,2.0,1.0,1.0,11.0,Moderate
0.0,,1.0,3.0,,1.0,0.0,1.0,0.0,11.0,Moderate
3.0,0.0,2.0,0.0,2.0,1.0,3.0,1.0,2.0,14.0,High
0.0,1.0,0.0,1.0,1.0,0.0,0.0,1.0,2.0,6.0,Low
1.0,1.0,0.0,2.0,2.0,1.0,0.0,2.0,3.0,12.0,Moderate
0.0,2.0,1.0,1.0,0.0,2.0,0.0,3.0,3.0,12.0,Moderate
1.0,0.0,1.0,1.0,3.0,1.0,2.0,1.0,3.0,13.0,High
1.0,2.0,1.0,3.0,2.0,0.0,3.0,1.0,,15.0,High
3.0,0.0,3.0,1.0,2.0,2.0,1.0,2.0,0.0,14.0,High
0.0,1.0,1.0,0.0,3.0,1.0,,0.0,1.0,7.0,Low
3.0,1.0,3.0,3.0,1.0,2.0,3.0,1.0,2.0,19.0,High
0.0,1.0,0.0,1.0,2.0,0.0,3.0,2.0,0.0,9.0,Low
0.0,0.0,2.0,3.0,1.0,1.0,1.0,2.0,0.0,10.0,Moderate
2.0,1.0,2.0,0.0,1.0,2.0,0.0,0.0,2.0,10.0,Moderate
0.0,0.0,2.0,0.0,2.0,2.0,2.0,3.0,1.0,12.0,Moderate
3.0,2.0,2.0,1.0,0.0,1.0,3.0,3.0,0.0,15.0,High
1.0,0.0,3.0,3.0,1.0,,1.0,3.0,2.0,16.0,High
0.0,2.0,3.0,1.0,2.0,,2.0,1.0,1.0,14.0,High
2.0,0.0,1.0,1.0,1.0,0.0,3.0,3.0,3.0,14.0,High
3.0,2.0,3.0,3.0,3.0,0.0,0.0,1.0,0.0,15.0,High
0.0,1.0,1.0,,0.0,0.0,3.0,1.0,0.0,7.0,Low
3.0,2.0,1.0,0.0,0.0,0.0,2.0,2.0,2.0,12.0,Moderate
2.0,1.0,2.0,3.0,3.0,0.0,2.0,3.0,2.0,18.0,High
2.0,1.0,3.0,3.0,3.0,0.0,,3.0,1.0,16.0,High
3.0,2.0,3.0,3.0,1.0,1.0,0.0,3.0,3.0,19.0,High
0.0,0.0,1.0,3.0,3.0,0.0,1.0,1.0,3.0,12.0,Moderate
1.0,0.0,1.0,1.0,0.0,2.0,0.0,1.0,2.0,8.0,Low
2.0,3.0,0.0,1.0,3.0,1.0,1.0,3.0,2.0,16.0,High
0.0,0.0,0.0,0.0,2.0,2.0,2.0,1.0,1.0,8.0,Low
0.0,3.0,1.0,2.0,,0.0,,1.0,2.0,13.0,High
1.0,0.0,0.0,,1.0,0.0,3.0,0.0,1.0,8.0,Low
,0.0,0.0,0.0,0.0,2.0,3.0,0.0,1.0,8.0,Low
2.0,1.0,1.0,2.0,2.0,,1.0,3.0,3.0,17.0,High
0.0,3.0,1.0,0.0,3.0,2.0,0.0,3.0,1.0,13.0,High
0.0,0.0,3.0,1.0,2.0,3.0,0.0,0.0,3.0,12.0,Moderate
1.0,,1.0,3.0,2.0,3.0,3.0,1.0,3.0,20.0,High
1.0,1.0,1.0,3.0,1.0,3.0,2.0,1.0,3.0,16.0,High
2.0,1.0,2.0,1.0,3.0,3.0,1.0,2.0,2.0,17.0,High
3.0,3.0,3.0,3.0,3.0,,2.0,3.0,3.0,,Low
2.0,1.0,3.0,3.0,3.0,0.0,2.0,3.0,1.0,18.0,High
0.0,2.0,3.0,2.0,1.0,,0.0,3.0,2.0,15.0,High
2.0,2.0,2.0,1.0,3.0,0.0,1.0,2.0,1.0,14.0,High
3.0,1.0,1.0,2.0,3.0,2.0,2.0,2.0,2.0,18.0,High
1.0,,3.0,2.0,2.0,0.0,3.0,1.0,1.0,15.0,High
3.0,0.0,3.0,3.0,2.0,1.0,3.0,0.0,0.0,15.0,High
3.0,3.0,0.0,3.0,3.0,3.0,0.0,0.0,0.0,15.0,High
3.0,0.0,3.0,1.0,0.0,0.0,3.0,0.0,0.0,10.0,Moderate
1.0,3.0,1.0,3.0,0.0,2.0,3.0,1.0,1.0,15.0,High
3.0,1.0,1.0,,3.0,0.0,,0.0,2.0,15.0,High
3.0,0.0,0.0,1.0,0.0,1.0,3.0,2.0,3.0,13.0,High
,1.0,3.0,3.0,1.0,1.0,3.0,2.0,3.0,,Low
0.0,1.0,3.0,2.0,2.0,0.0,2.0,3.0,1.0,14.0,High
3.0,3.0,3.0,1.0,1.0,3.0,,0.0,1.0,15.0,High
1.0,3.0,2.0,3.0,2.0,2.0,0.0,2.0,1.0,16.0,High
,3.0,3.0,0.0,0.0,1.0,1.0,3.0,1.0,15.0,High
3.0,0.0,1.0,1.0,0.0,1.0,3.0,0.0,3.0,12.0,Moderate
1.0,2.0,1.0,1.0,3.0,0.0,2.0,0.0,2.0,12.0,Moderate
3.0,3.0,2.0,0.0,0.0,1.0,1.0,2.0,3.0,15.0,High
1.0,3.0,2.0,3.0,0.0,1.0,0.0,3.0,1.0,14.0,High
3.0,,3.0,3.0,3.0,2.0,0.0,3.0,0.0,17.0,High
1.0,3.0,0.0,1.0,3.0,3.0,2.0,2.0,3.0,18.0,High
3.0,0.0,2.0,1.0,2.0,2.0,1.0,2.0,0.0,13.0,High
3.0,1.0,2.0,3.0,0.0,3.0,1.0,2.0,0.0,15.0,High
0.0,3.0,3.0,3.0,2.0,2.0,2.0,0.0,1.0,16.0,High
0.0,3.0,3.0,2.0,2.0,0.0,2.0,2.0,3.0,17.0,High
3.0,1.0,,1.0,1.0,1.0,1.0,2.0,2.0,14.0,High
3.0,1.0,0.0,1.0,0.0,3.0,0.0,1.0,3.0,12.0,Moderate
2.0,1.0,2.0,0.0,0.0,0.0,3.0,2.0,2.0,12.0,Moderate
1.0,3.0,3.0,2.0,1.0,1.0,,2.0,2.0,15.0,High
2.0,2.0,3.0,3.0,2.0,1.0,2.0,0.0,,,Low
,2.0,2.0,2.0,0.0,1.0,1.0,3.0,2.0,13.0,High
0.0,2.0,0.0,3.0,2.0,2.0,1.0,0.0,3.0,13.0,High
,3.0,2.0,3.0,1.0,0.0,3.0,1.0,3.0,16.0,High
0.0,1.0,2.0,2.0,3.0,0.0,1.0,2.0,0.0,11.0,Moderate
3.0,3.0,3.0,1.0,2.0,1.0,3.0,2.0,2.0,20.0,High
0.0,1.0,0.0,3.0,0.0,3.0,0.0,2.0,1.0,10.0,Moderate
3.0,3.0,1.0,2.0,3.0,0.0,0.0,2.0,1.0,15.0,High
3.0,3.0,0.0,0.0,2.0,2.0,1.0,2.0,3.0,16.0,High
0.0,1.0,2.0,,,3.0,1.0,,2.0,15.0,High
0.0,2.0,2.0,0.0,3.0,,,1.0,1.0,,Low
1.0,1.0,2.0,3.0,3.0,3.0,2.0,2.0,2.0,19.0,High
2.0,0.0,0.0,2.0,3.0,3.0,1.0,2.0,2.0,15.0,High
0.0,0.0,3.0,2.0,0.0,0.0,1.0,2.0,0.0,8.0,Low
1.0,1.0,2.0,0.0,0.0,1.0,0.0,1.0,1.0,7.0,Low
1.0,3.0,2.0,2.0,2.0,3.0,1.0,2.0,0.0,16.0,High
2.0,0.0,0.0,2.0,2.0,2.0,2.0,1.0,1.0,12.0,Moderate
3.0,0.0,1.0,3.0,1.0,2.0,0.0,0.0,2.0,12.0,Moderate
0.0,3.0,1.0,2.0,0.0,1.0,3.0,2.0,1.0,13.0,High
2.0,3.0,3.0,1.0,,0.0,2.0,3.0,3.0,19.0,High
0.0,2.0,3.0,0.0,3.0,1.0,2.0,1.0,2.0,14.0,High
1.0,3.0,2.0,2.0,3.0,3.0,0.0,0.0,1.0,15.0,High
1.0,1.0,0.0,0.0,,0.0,3.0,1.0,0.0,6.0,Low
3.0,1.0,2.0,0.0,3.0,0.0,2.0,1.0,0.0,12.0,Moderate
1.0,2.0,3.0,0.0,1.0,3.0,1.0,0.0,2.0,13.0,High
1.0,0.0,0.0,2.0,2.0,2.0,2.0,2.0,0.0,11.0,Moderate
2.0,0.0,0.0,2.0,2.0,3.0,0.0,2.0,2.0,13.0,High
0.0,3.0,3.0,0.0,2.0,1.0,,1.0,2.0,12.0,Moderate
0.0,1.0,1.0,1.0,0.0,3.0,0.0,0.0,2.0,8.0,Low
2.0,0.0,1.0,,,2.0,2.0,2.0,1.0,13.0,High
3.0,2.0,0.0,1.0,1.0,3.0,3.0,1.0,2.0,16.0,High
0.0,2.0,2.0,0.0,0.0,1.0,1.0,3.0,0.0,9.0,Low
1.0,1.0,1.0,3.0,2.0,1.0,0.0,,3.0,12.0,Moderate
0.0,2.0,2.0,0.0,1.0,2.0,3.0,3.0,1.0,14.0,High
1.0,2.0,1.0,0.0,2.0,1.0,1.0,3.0,0.0,11.0,Moderate
3.0,1.0,1.0,2.0,2.0,1.0,0.0,1.0,2.0,13.0,High
2.0,3.0,2.0,1.0,0.0,3.0,,0.0,2.0,14.0,High
0.0,3.0,,,2.0,0.0,1.0,,3.0,17.0,High
2.0,2.0,1.0,1.0,1.0,1.0,3.0,2.0,0.0,13.0,High
0.0,3.0,1.0,3.0,2.0,1.0,1.0,1.0,1.0,13.0,High
1.0,3.0,2.0,0.0,3.0,2.0,0.0,2.0,,13.0,High
2.0,2.0,3.0,2.0,2.0,2.0,3.0,2.0,2.0,20.0,High
0.0,3.0,,2.0,0.0,3.0,2.0,3.0,1.0,15.0,High
1.0,2.0,1.0,1.0,1.0,3.0,2.0,3.0,2.0,16.0,High
2.0,0.0,3.0,2.0,0.0,1.0,3.0,0.0,2.0,13.0,High
2.0,1.0,1.0,1.0,3.0,0.0,2.0,3.0,0.0,13.0,High
0.0,1.0,,1.0,2.0,0.0,1.0,2.0,3.0,,Low
0.0,3.0,3.0,3.0,0.0,3.0,,0.0,2.0,14.0,High
0.0,3.0,2.0,1.0,0.0,2.0,1.0,0.0,0.0,9.0,Low
1.0,3.0,0.0,3.0,0.0,1.0,3.0,1.0,1.0,13.0,High
0.0,1.0,3.0,2.0,0.0,1.0,0.0,3.0,3.0,13.0,High
2.0,0.0,,1.0,,0.0,3.0,0.0,2.0,13.0,High
2.0,0.0,0.0,1.0,3.0,3.0,3.0,2.0,2.0,16.0,High
0.0,1.0,1.0,0.0,2.0,0.0,,0.0,1.0,8.0,Low
0.0,0.0,0.0,1.0,2.0,0.0,1.0,0.0,,4.0,Low
3.0,1.0,3.0,1.0,1.0,3.0,0.0,1.0,2.0,15.0,High
2.0,0.0,3.0,0.0,3.0,2.0,0.0,,1.0,13.0,High
1.0,2.0,3.0,0.0,,1.0,0.0,2.0,2.0,11.0,Moderate
,2.0,3.0,2.0,0.0,2.0,1.0,3.0,0.0,16.0,High
0.0,1.0,3.0,1.0,1.0,3.0,2.0,2.0,3.0,16.0,High
0.0,0.0,,2.0,0.0,3.0,1.0,,0.0,8.0,Low
2.0,3.0,3.0,2.0,1.0,1.0,1.0,2.0,0.0,15.0,High
0.0,0.0,2.0,0.0,2.0,2.0,3.0,2.0,0.0,11.0,Moderate
1.0,2.0,1.0,3.0,3.0,1.0,0.0,0.0,1.0,12.0,Moderate
2.0,2.0,3.0,2.0,1.0,0.0,0.0,1.0,2.0,13.0,High
0.0,0.0,3.0,3.0,0.0,0.0,2.0,3.0,3.0,14.0,High
2.0,0.0,0.0,1.0,1.0,0.0,2.0,3.0,,10.0,Moderate
0.0,3.0,1.0,0.0,2.0,2.0,3.0,1.0,0.0,12.0,Moderate
0.0,3.0,3.0,1.0,0.0,0.0,0.0,0.0,3.0,10.0,Moderate
0.0,0.0,3.0,1.0,,1.0,2.0,3.0,0.0,12.0,Moderate
1.0,0.0,1.0,0.0,2.0,2.0,2.0,,0.0,9.0,Low
1.0,0.0,,1.0,1.0,1.0,0.0,1.0,0.0,7.0,Low
2.0,0.0,3.0,0.0,2.0,3.0,1.0,1.0,3.0,15.0,High
0.0,1.0,0.0,3.0,0.0,2.0,,3.0,2.0,13.0,High
0.0,0.0,3.0,1.0,2.0,1.0,,3.0,0.0,10.0,Moderate
1.0,,0.0,0.0,2.0,1.0,2.0,3.0,2.0,14.0,High
0.0,2.0,0.0,2.0,1.0,2.0,3.0,3.0,3.0,16.0,High
1.0,1.0,3.0,1.0,2.0,3.0,2.0,2.0,3.0,,Low
0.0,0.0,3.0,3.0,3.0,2.0,0.0,1.0,0.0,12.0,Moderate
2.0,2.0,0.0,0.0,1.0,0.0,2.0,2.0,2.0,11.0,Moderate
,1.0,1.0,1.0,1.0,0.0,3.0,1.0,2.0,10.0,Moderate
0.0,2.0,1.0,1.0,0.0,3.0,3.0,3.0,0.0,13.0,High
3.0,0.0,3.0,1.0,0.0,1.0,2.0,3.0,1.0,14.0,High
1.0,0.0,2.0,3.0,0.0,1.0,2.0,2.0,1.0,12.0,Moderate
0.0,3.0,1.0,0.0,0.0,1.0,3.0,0.0,3.0,11.0,Moderate
0.0,0.0,3.0,2.0,3.0,2.0,3.0,3.0,3.0,19.0,High
3.0,0.0,1.0,2.0,1.0,2.0,1.0,0.0,1.0,11.0,Moderate
3.0,1.0,2.0,2.0,2.0,3.0,1.0,1.0,1.0,16.0,High
1.0,3.0,3.0,0.0,0.0,0.0,3.0,2.0,,13.0,High
3.0,1.0,2.0,2.0,0.0,1.0,2.0,0.0,0.0,,Low
2.0,2.0,3.0,3.0,0.0,0.0,0.0,0.0,,10.0,Moderate
3.0,0.0,2.0,0.0,2.0,2.0,2.0,3.0,0.0,14.0,High
2.0,2.0,1.0,1.0,0.0,2.0,2.0,0.0,0.0,10.0,Moderate
1.0,1.0,1.0,3.0,,2.0,1.0,0.0,,11.0,Moderate
1.0,0.0,2.0,1.0,1.0,0.0,1.0,1.0,0.0,7.0,Low
1.0,0.0,2.0,,1.0,3.0,1.0,2.0,3.0,15.0,High
1.0,1.0,2.0,3.0,1.0,3.0,3.0,3.0,2.0,19.0,High
1.0,1.0,3.0,0.0,3.0,2.0,3.0,3.0,3.0,19.0,High
2.0,1.0,1.0,3.0,2.0,1.0,2.0,0.0,2.0,14.0,High
2.0,1.0,3.0,1.0,0.0,0.0,2.0,1.0,3.0,13.0,High
1.0,1.0,1.0,0.0,0.0,2.0,0.0,0.0,3.0,8.0,Low
3.0,0.0,0.0,3.0,0.0,0.0,2.0,0.0,0.0,,Low
0.0,1.0,3.0,3.0,0.0,0.0,2.0,3.0,0.0,12.0,Moderate
1.0,,1.0,3.0,3.0,3.0,1.0,0.0,2.0,14.0,High
3.0,0.0,1.0,3.0,0.0,2.0,1.0,0.0,2.0,12.0,Moderate
0.0,1.0,,0.0,3.0,3.0,1.0,1.0,0.0,12.0,Moderate
1.0,1.0,3.0,1.0,2.0,2.0,1.0,3.0,3.0,17.0,High
1.0,3.0,1.0,3.0,1.0,0.0,1.0,2.0,2.0,14.0,High
2.0,0.0,3.0,0.0,0.0,3.0,0.0,1.0,1.0,10.0,Moderate
0.0,,2.0,,1.0,0.0,0.0,1.0,1.0,7.0,Low
0.0,1.0,3.0,3.0,,2.0,0.0,1.0,1.0,13.0,High
3.0,1.0,3.0,1.0,2.0,1.0,1.0,3.0,2.0,17.0,High
2.0,3.0,3.0,1.0,0.0,3.0,3.0,0.0,0.0,15.0,High
2.0,3.0,1.0,0.0,2.0,3.0,1.0,2.0,0.0,14.0,High
2.0,2.0,2.0,1.0,1.0,0.0,1.0,3.0,0.0,12.0,Moderate
2.0,0.0,0.0,0.0,0.0,0.0,0.0,0.0,2.0,4.0,Low
0.0,2.0,0.0,3.0,3.0,1.0,1.0,1.0,2.0,13.0,High
0.0,1.0,2.0,1.0,0.0,3.0,0.0,3.0,1.0,11.0,Moderate
1.0,3.0,2.0,1.0,1.0,2.0,1.0,,2.0,13.0,High
1.0,,2.0,2.0,0.0,2.0,2.0,2.0,1.0,15.0,High
2.0,2.0,1.0,3.0,0.0,3.0,3.0,2.0,,,Low
2.0,3.0,0.0,3.0,1.0,3.0,3.0,0.0,0.0,15.0,High
2.0,1.0,2.0,2.0,0.0,3.0,0.0,,2.0,15.0,High
1.0,3.0,1.0,2.0,0.0,1.0,2.0,1.0,,11.0,Moderate
3.0,2.0,,0.0,1.0,2.0,,0.0,0.0,11.0,Moderate
3.0,1.0,3.0,0.0,2.0,2.0,0.0,,2.0,14.0,High
1.0,2.0,1.0,1.0,1.0,0.0,1.0,2.0,2.0,11.0,Moderate
1.0,3.0,0.0,1.0,,0.0,1.0,0.0,3.0,9.0,Low
1.0,2.0,1.0,1.0,,3.0,2.0,2.0,1.0,16.0,High
1.0,2.0,0.0,1.0,3.0,0.0,3.0,1.0,,14.0,High
1.0,0.0,0.0,0.0,1.0,1.0,1.0,1.0,1.0,6.0,Low
1.0,3.0,3.0,3.0,3.0,2.0,0.0,0.0,1.0,16.0,High
2.0,3.0,1.0,1.0,0.0,2.0,1.0,0.0,1.0,11.0,Moderate
2.0,2.0,2.0,3.0,0.0,0.0,,0.0,0.0,10.0,Moderate
2.0,0.0,3.0,1.0,1.0,3.0,3.0,2.0,0.0,15.0,High
2.0,,3.0,2.0,0.0,0.0,3.0,1.0,2.0,16.0,High
1.0,1.0,0.0,1.0,,3.0,0.0,,,10.0,Moderate
3.0,2.0,2.0,1.0,0.0,1.0,2.0,2.0,1.0,14.0,High
0.0,3.0,1.0,1.0,1.0,2.0,2.0,0.0,1.0,11.0,Moderate
1.0,1.0,2.0,0.0,2.0,1.0,1.0,3.0,0.0,11.0,Moderate
0.0,3.0,2.0,2.0,2.0,2.0,,0.0,2.0,13.0,High
3.0,1.0,2.0,,3.0,1.0,2.0,3.0,0.0,16.0,High
2.0,2.0,2.0,1.0,0.0,0.0,2.0,3.0,3.0,15.0,High
3.0,3.0,2.0,3.0,1.0,1.0,1.0,2.0,3.0,19.0,High
1.0,3.0,0.0,2.0,3.0,1.0,0.0,1.0,3.0,14.0,High
2.0,0.0,0.0,1.0,3.0,0.0,2.0,1.0,2.0,,Low
1.0,2.0,3.0,3.0,0.0,2.0,3.0,1.0,3.0,18.0,High
2.0,1.0,,3.0,0.0,2.0,3.0,1.0,2.0,14.0,High
0.0,3.0,3.0,0.0,1.0,0.0,1.0,2.0,0.0,10.0,Moderate
0.0,3.0,3.0,3.0,3.0,1.0,1.0,3.0,0.0,17.0,High
0.0,1.0,1.0,1.0,1.0,1.0,1.0,1.0,2.0,9.0,Low
3.0,2.0,2.0,0.0,3.0,1.0,1.0,3.0,0.0,15.0,High
1.0,0.0,0.0,0.0,3.0,,2.0,2.0,0.0,11.0,Moderate
3.0,0.0,1.0,1.0,3.0,2.0,,0.0,2.0,12.0,Moderate
0.0,3.0,0.0,2.0,0.0,1.0,1.0,2.0,3.0,12.0,Moderate
1.0,1.0,3.0,3.0,3.0,2.0,1.0,1.0,2.0,17.0,High
0.0,3.0,0.0,0.0,3.0,1.0,2.0,0.0,1.0,10.0,Moderate
3.0,1.0,2.0,2.0,3.0,0.0,1.0,,0.0,14.0,High
3.0,0.0,3.0,1.0,2.0,0.0,1.0,2.0,2.0,14.0,High
3.0,2.0,3.0,3.0,0.0,2.0,0.0,3.0,0.0,16.0,High
0.0,1.0,1.0,,2.0,2.0,3.0,2.0,3.0,17.0,High
1.0,0.0,2.0,0.0,0.0,0.0,1.0,0.0,0.0,4.0,Low
1.0,3.0,3.0,3.0,1.0,3.0,2.0,2.0,2.0,20.0,High
0.0,1.0,2.0,3.0,2.0,0.0,0.0,1.0,3.0,12.0,Moderate
1.0,2.0,0.0,3.0,1.0,1.0,2.0,3.0,3.0,16.0,High
0.0,3.0,2.0,3.0,3.0,3.0,0.0,0.0,3.0,17.0,High
1.0,3.0,3.0,1.0,1.0,0.0,0.0,0.0,1.0,10.0,Moderate
2.0,0.0,1.0,,1.0,3.0,1.0,2.0,2.0,14.0,High
2.0,1.0,3.0,1.0,1.0,3.0,1.0,1.0,2.0,15.0,High
3.0,,2.0,1.0,,3.0,1.0,3.0,3.0,20.0,High
2.0,2.0,2.0,0.0,0.0,2.0,3.0,0.0,0.0,11.0,Moderate
2.0,1.0,3.0,3.0,2.0,0.0,3.0,3.0,3.0,20.0,High
2.0,2.0,2.0,1.0,0.0,2.0,2.0,2.0,1.0,14.0,High
0.0,3.0,0.0,3.0,0.0,2.0,1.0,1.0,3.0,13.0,High
,2.0,3.0,1.0,,1.0,3.0,2.0,2.0,16.0,High
2.0,0.0,1.0,1.0,1.0,1.0,1.0,3.0,3.0,13.0,High
3.0,2.0,3.0,0.0,,3.0,3.0,2.0,,16.0,High
2.0,1.0,0.0,2.0,2.0,3.0,3.0,,2.0,18.0,High
2.0,2.0,,,0.0,1.0,0.0,0.0,0.0,7.0,Low
1.0,2.0,0.0,1.0,3.0,1.0,1.0,0.0,3.0,12.0,Moderate
,0.0,0.0,0.0,1.0,0.0,1.0,2.0,2.0,9.0,Low
3.0,2.0,0.0,3.0,3.0,3.0,3.0,0.0,1.0,18.0,High
3.0,2.0,1.0,3.0,2.0,3.0,1.0,3.0,2.0,20.0,High
3.0,3.0,2.0,1.0,2.0,1.0,3.0,0.0,0.0,15.0,High
3.0,3.0,0.0,2.0,2.0,0.0,1.0,1.0,2.0,14.0,High
3.0,1.0,0.0,0.0,2.0,1.0,0.0,1.0,1.0,9.0,Low
0.0,3.0,3.0,2.0,0.0,1.0,1.0,2.0,1.0,13.0,High
2.0,3.0,1.0,3.0,1.0,2.0,0.0,2.0,1.0,15.0,High
3.0,3.0,1.0,2.0,2.0,3.0,2.0,2.0,1.0,19.0,High
2.0,3.0,2.0,3.0,3.0,0.0,1.0,2.0,0.0,16.0,High
2.0,0.0,1.0,0.0,,2.0,1.0,3.0,2.0,13.0,High
0.0,3.0,3.0,0.0,1.0,3.0,1.0,3.0,3.0,17.0,High
3.0,0.0,3.0,1.0,3.0,1.0,0.0,1.0,1.0,13.0,High
1.0,0.0,2.0,1.0,3.0,0.0,1.0,3.0,3.0,14.0,High
0.0,3.0,3.0,2.0,3.0,3.0,1.0,,3.0,18.0,High
1.0,2.0,0.0,0.0,0.0,1.0,3.0,1.0,,10.0,Moderate
2.0,0.0,0.0,0.0,,2.0,2.0,2.0,3.0,13.0,High
2.0,2.0,3.0,1.0,0.0,0.0,0.0,2.0,3.0,13.0,High
0.0,2.0,2.0,3.0,3.0,3.0,3.0,3.0,0.0,19.0,High
0.0,3.0,1.0,2.0,0.0,2.0,0.0,1.0,3.0,12.0,Moderate
,1.0,2.0,2.0,0.0,1.0,3.0,3.0,2.0,15.0,High
3.0,3.0,1.0,1.0,0.0,1.0,2.0,3.0,3.0,17.0,High
1.0,1.0,3.0,0.0,2.0,3.0,3.0,3.0,2.0,18.0,High
0.0,1.0,3.0,1.0,,1.0,0.0,,1.0,11.0,Moderate
1.0,3.0,0.0,1.0,3.0,0.0,1.0,2.0,3.0,14.0,High
0.0,3.0,1.0,1.0,2.0,3.0,1.0,0.0,3.0,14.0,High
1.0,,2.0,1.0,0.0,2.0,2.0,2.0,3.0,14.0,High
0.0,3.0,3.0,3.0,0.0,3.0,0.0,1.0,1.0,14.0,High
0.0,1.0,2.0,3.0,1.0,3.0,0.0,2.0,0.0,12.0,Moderate
0.0,2.0,0.0,0.0,1.0,2.0,0.0,2.0,3.0,10.0,Moderate
3.0,3.0,1.0,1.0,1.0,1.0,2.0,0.0,2.0,14.0,High
1.0,2.0,1.0,3.0,2.0,2.0,1.0,2.0,0.0,14.0,High
1.0,0.0,3.0,0.0,3.0,0.0,3.0,2.0,0.0,12.0,Moderate
1.0,2.0,1.0,1.0,1.0,1.0,2.0,2.0,0.0,11.0,Moderate
0.0,2.0,3.0,2.0,3.0,3.0,3.0,3.0,3.0,22.0,High
1.0,1.0,0.0,3.0,3.0,1.0,1.0,1.0,1.0,12.0,Moderate
1.0,2.0,1.0,0.0,3.0,1.0,2.0,1.0,1.0,12.0,Moderate
0.0,3.0,3.0,2.0,2.0,0.0,1.0,0.0,3.0,14.0,High
2.0,1.0,2.0,1.0,2.0,1.0,3.0,3.0,2.0,17.0,High
0.0,0.0,3.0,1.0,2.0,1.0,0.0,3.0,2.0,12.0,Moderate
1.0,3.0,1.0,1.0,2.0,1.0,0.0,2.0,2.0,13.0,High
0.0,0.0,0.0,3.0,1.0,3.0,3.0,1.0,3.0,14.0,High
2.0,2.0,1.0,0.0,0.0,,0.0,0.0,1.0,7.0,Low
0.0,3.0,,2.0,0.0,2.0,3.0,3.0,3.0,17.0,High
1.0,3.0,3.0,0.0,0.0,1.0,2.0,2.0,1.0,13.0,High
2.0,0.0,2.0,3.0,1.0,0.0,2.0,0.0,,10.0,Moderate
3.0,3.0,1.0,0.0,0.0,,2.0,3.0,,16.0,High
1.0,3.0,2.0,3.0,1.0,,,,1.0,12.0,Moderate
2.0,3.0,3.0,1.0,1.0,3.0,1.0,3.0,0.0,17.0,High
2.0,2.0,2.0,2.0,1.0,2.0,0.0,0.0,0.0,11.0,Moderate
3.0,0.0,3.0,1.0,0.0,1.0,0.0,3.0,3.0,,Low
0.0,3.0,0.0,0.0,3.0,2.0,1.0,3.0,1.0,13.0,High
0.0,1.0,2.0,1.0,0.0,0.0,1.0,0.0,0.0,5.0,Low
1.0,1.0,2.0,2.0,0.0,3.0,1.0,3.0,3.0,16.0,High
,1.0,0.0,1.0,2.0,2.0,1.0,3.0,0.0,13.0,High
0.0,1.0,2.0,2.0,1.0,3.0,0.0,3.0,2.0,14.0,High
3.0,2.0,,2.0,3.0,1.0,3.0,0.0,3.0,17.0,High
0.0,3.0,1.0,1.0,2.0,0.0,2.0,0.0,0.0,,Low
2.0,0.0,3.0,3.0,3.0,3.0,3.0,3.0,3.0,23.0,High
0.0,3.0,0.0,0.0,3.0,1.0,0.0,3.0,3.0,13.0,High
3.0,,2.0,3.0,,2.0,1.0,0.0,1.0,15.0,High
2.0,1.0,0.0,3.0,0.0,0.0,2.0,2.0,1.0,11.0,Moderate
2.0,2.0,2.0,1.0,1.0,0.0,2.0,3.0,0.0,13.0,High
2.0,3.0,1.0,0.0,1.0,2.0,3.0,,3.0,17.0,High
3.0,,0.0,0.0,2.0,2.0,0.0,0.0,3.0,10.0,Moderate
1.0,2.0,1.0,3.0,1.0,0.0,0.0,3.0,2.0,13.0,High
1.0,0.0,3.0,1.0,0.0,3.0,0.0,2.0,3.0,13.0,High
1.0,2.0,2.0,0.0,3.0,0.0,2.0,0.0,1.0,,Low
3.0,0.0,2.0,3.0,1.0,2.0,3.0,2.0,3.0,19.0,High
2.0,0.0,1.0,0.0,3.0,3.0,2.0,1.0,1.0,,Low
1.0,1.0,3.0,1.0,1.0,,2.0,0.0,2.0,12.0,Moderate
3.0,0.0,0.0,1.0,3.0,0.0,1.0,1.0,0.0,9.0,Low
1.0,1.0,0.0,1.0,1.0,2.0,3.0,0.0,1.0,10.0,Moderate
0.0,3.0,2.0,0.0,2.0,1.0,1.0,0.0,0.0,,Low
1.0,3.0,1.0,2.0,3.0,0.0,0.0,3.0,0.0,13.0,High
1.0,1.0,1.0,0.0,1.0,0.0,2.0,1.0,0.0,7.0,Low
2.0,1.0,0.0,,1.0,3.0,3.0,1.0,0.0,13.0,High
3.0,2.0,3.0,1.0,2.0,2.0,0.0,1.0,1.0,15.0,High
,2.0,3.0,3.0,2.0,1.0,3.0,0.0,2.0,18.0,High
2.0,2.0,0.0,2.0,2.0,0.0,2.0,1.0,3.0,14.0,High
2.0,3.0,0.0,1.0,3.0,3.0,3.0,1.0,1.0,17.0,High
,2.0,1.0,1.0,3.0,1.0,0.0,3.0,2.0,15.0,High
2.0,0.0,3.0,2.0,2.0,1.0,1.0,2.0,3.0,16.0,High
1.0,0.0,0.0,3.0,0.0,0.0,2.0,2.0,0.0,8.0,Low
2.0,2.0,0.0,1.0,0.0,1.0,1.0,1.0,3.0,11.0,Moderate
2.0,,2.0,2.0,1.0,0.0,2.0,1.0,3.0,13.0,High
3.0,3.0,0.0,3.0,0.0,3.0,0.0,1.0,2.0,,Low
0.0,0.0,0.0,3.0,1.0,3.0,2.0,,3.0,13.0,High
1.0,3.0,3.0,1.0,3.0,1.0,1.0,2.0,0.0,,Low
1.0,1.0,1.0,0.0,3.0,0.0,2.0,3.0,1.0,12.0,Moderate
1.0,1.0,3.0,0.0,0.0,2.0,0.0,0.0,1.0,8.0,Low
2.0,1.0,1.0,1.0,3.0,3.0,2.0,1.0,2.0,16.0,High
2.0,1.0,2.0,3.0,2.0,0.0,1.0,1.0,0.0,12.0,Moderate
2.0,0.0,0.0,1.0,2.0,0.0,0.0,2.0,0.0,7.0,Low
3.0,2.0,2.0,2.0,0.0,0.0,1.0,1.0,3.0,14.0,High
0.0,0.0,1.0,0.0,0.0,1.0,2.0,3.0,2.0,9.0,Low
,,3.0,2.0,1.0,2.0,3.0,3.0,0.0,19.0,High
0.0,0.0,3.0,1.0,3.0,1.0,1.0,1.0,0.0,10.0,Moderate
3.0,0.0,2.0,1.0,1.0,3.0,2.0,2.0,0.0,14.0,High
1.0,3.0,1.0,3.0,1.0,1.0,3.0,1.0,1.0,15.0,High
2.0,1.0,2.0,3.0,2.0,0.0,3.0,1.0,1.0,15.0,High
0.0,1.0,2.0,3.0,2.0,1.0,0.0,2.0,1.0,12.0,Moderate
0.0,,0.0,2.0,,0.0,3.0,,3.0,14.0,High
2.0,2.0,2.0,3.0,2.0,2.0,1.0,0.0,3.0,17.0,High
1.0,3.0,0.0,1.0,1.0,1.0,1.0,1.0,3.0,12.0,Moderate
1.0,3.0,0.0,3.0,2.0,1.0,3.0,3.0,0.0,16.0,High
1.0,0.0,3.0,0.0,3.0,1.0,2.0,1.0,1.0,12.0,Moderate
3.0,2.0,0.0,3.0,2.0,0.0,1.0,0.0,0.0,11.0,Moderate
0.0,1.0,0.0,2.0,2.0,0.0,1.0,2.0,0.0,,Low
0.0,2.0,3.0,0.0,2.0,1.0,,3.0,2.0,13.0,High
0.0,3.0,2.0,0.0,0.0,1.0,2.0,0.0,0.0,8.0,Low
3.0,3.0,1.0,0.0,3.0,2.0,3.0,1.0,3.0,19.0,High
0.0,0.0,1.0,2.0,3.0,2.0,2.0,0.0,1.0,11.0,Moderate
3.0,0.0,1.0,1.0,1.0,3.0,0.0,3.0,1.0,13.0,High
1.0,,2.0,3.0,1.0,2.0,0.0,2.0,0.0,14.0,High
2.0,1.0,0.0,0.0,2.0,2.0,2.0,1.0,3.0,13.0,High
0.0,1.0,1.0,0.0,0.0,2.0,0.0,2.0,3.0,9.0,Low
0.0,2.0,2.0,0.0,1.0,0.0,0.0,2.0,3.0,10.0,Moderate
1.0,3.0,0.0,1.0,1.0,2.0,0.0,0.0,1.0,9.0,Low
2.0,3.0,3.0,1.0,2.0,2.0,2.0,0.0,3.0,18.0,High
3.0,1.0,1.0,2.0,2.0,1.0,0.0,3.0,3.0,16.0,High
2.0,1.0,,1.0,1.0,,3.0,3.0,0.0,11.0,Moderate
1.0,3.0,1.0,3.0,1.0,3.0,3.0,2.0,2.0,19.0,High
1.0,0.0,1.0,2.0,3.0,3.0,1.0,3.0,3.0,17.0,High
2.0,3.0,1.0,2.0,0.0,2.0,3.0,2.0,0.0,15.0,High
3.0,3.0,0.0,3.0,3.0,3.0,1.0,1.0,0.0,17.0,High
3.0,1.0,2.0,3.0,1.0,3.0,2.0,2.0,3.0,20.0,High
0.0,1.0,0.0,3.0,3.0,3.0,0.0,3.0,2.0,15.0,High
3.0,0.0,1.0,2.0,3.0,2.0,3.0,3.0,1.0,18.0,High
2.0,0.0,0.0,2.0,1.0,3.0,1.0,2.0,2.0,13.0,High
1.0,2.0,3.0,2.0,2.0,2.0,2.0,0.0,3.0,17.0,High
0.0,3.0,,3.0,1.0,1.0,1.0,2.0,2.0,15.0,High
0.0,1.0,0.0,3.0,,1.0,0.0,2.0,0.0,9.0,Low
1.0,0.0,3.0,0.0,1.0,3.0,3.0,0.0,0.0,11.0,Moderate
3.0,2.0,2.0,1.0,,1.0,2.0,1.0,2.0,15.0,High
1.0,2.0,3.0,0.0,1.0,2.0,1.0,0.0,1.0,11.0,Moderate
3.0,1.0,2.0,3.0,0.0,1.0,2.0,3.0,2.0,17.0,High
,1.0,0.0,2.0,2.0,3.0,1.0,0.0,3.0,13.0,High
2.0,2.0,3.0,3.0,0.0,2.0,1.0,3.0,1.0,17.0,High
3.0,0.0,1.0,1.0,1.0,0.0,,3.0,2.0,11.0,Moderate
,2.0,3.0,0.0,3.0,2.0,0.0,2.0,2.0,16.0,High
0.0,3.0,2.0,0.0,0.0,1.0,1.0,2.0,1.0,,Low
1.0,3.0,0.0,2.0,,0.0,3.0,1.0,,14.0,High
0.0,1.0,2.0,,1.0,,2.0,3.0,3.0,14.0,High
0.0,0.0,3.0,0.0,0.0,0.0,2.0,2.0,0.0,7.0,Low
0.0,0.0,3.0,3.0,3.0,0.0,0.0,3.0,3.0,15.0,High
0.0,3.0,1.0,0.0,0.0,0.0,3.0,1.0,2.0,10.0,Moderate
1.0,2.0,0.0,0.0,2.0,2.0,1.0,3.0,0.0,11.0,Moderate
0.0,1.0,0.0,0.0,0.0,1.0,0.0,,1.0,4.0,Low
1.0,2.0,3.0,2.0,3.0,2.0,1.0,1.0,3.0,18.0,High
1.0,2.0,0.0,2.0,3.0,1.0,1.0,1.0,1.0,12.0,Moderate
2.0,,1.0,3.0,2.0,2.0,0.0,2.0,0.0,14.0,High
3.0,0.0,2.0,,3.0,2.0,3.0,,2.0,15.0,High
3.0,3.0,0.0,2.0,1.0,2.0,2.0,0.0,0.0,13.0,High
1.0,0.0,3.0,2.0,3.0,1.0,0.0,2.0,0.0,12.0,Moderate
2.0,3.0,2.0,3.0,1.0,2.0,3.0,3.0,1.0,20.0,High
1.0,1.0,2.0,1.0,0.0,0.0,1.0,2.0,3.0,11.0,Moderate
1.0,1.0,1.0,0.0,1.0,2.0,,3.0,0.0,9.0,Low
1.0,2.0,3.0,2.0,1.0,0.0,2.0,1.0,2.0,14.0,High
2.0,3.0,,3.0,0.0,3.0,2.0,2.0,0.0,15.0,High
3.0,,3.0,3.0,3.0,3.0,1.0,0.0,1.0,20.0,High
2.0,3.0,2.0,3.0,1.0,1.0,0.0,3.0,3.0,18.0,High
0.0,2.0,3.0,2.0,,1.0,2.0,,2.0,17.0,High
2.0,2.0,0.0,0.0,0.0,3.0,0.0,2.0,1.0,10.0,Moderate
2.0,1.0,0.0,1.0,,2.0,2.0,3.0,0.0,13.0,High
2.0,0.0,1.0,0.0,3.0,2.0,1.0,1.0,0.0,10.0,Moderate
2.0,3.0,0.0,3.0,3.0,2.0,1.0,1.0,,18.0,High
3.0,3.0,0.0,3.0,2.0,3.0,0.0,1.0,1.0,16.0,High
0.0,0.0,3.0,1.0,2.0,0.0,,1.0,1.0,11.0,Moderate
3.0,3.0,3.0,0.0,0.0,1.0,3.0,3.0,3.0,19.0,High
3.0,2.0,2.0,3.0,3.0,0.0,1.0,0.0,2.0,16.0,High
2.0,2.0,,3.0,3.0,3.0,2.0,2.0,1.0,19.0,High
1.0,3.0,3.0,0.0,0.0,0.0,3.0,2.0,3.0,15.0,High
1.0,2.0,0.0,3.0,3.0,2.0,1.0,1.0,1.0,14.0,High
3.0,2.0,2.0,0.0,1.0,2.0,2.0,3.0,3.0,18.0,High
3.0,3.0,3.0,3.0,1.0,0.0,2.0,0.0,0.0,,Low
2.0,1.0,1.0,0.0,1.0,3.0,3.0,0.0,,11.0,Moderate
3.0,0.0,1.0,1.0,3.0,0.0,1.0,2.0,1.0,12.0,Moderate
2.0,2.0,2.0,3.0,1.0,2.0,2.0,1.0,1.0,16.0,High
1.0,1.0,2.0,,1.0,2.0,2.0,2.0,0.0,,Low
1.0,2.0,2.0,3.0,0.0,3.0,0.0,,2.0,15.0,High
0.0,2.0,2.0,3.0,0.0,0.0,0.0,0.0,3.0,10.0,Moderate
1.0,0.0,2.0,2.0,,2.0,3.0,3.0,2.0,17.0,High
3.0,2.0,0.0,0.0,2.0,2.0,0.0,0.0,2.0,11.0,Moderate
,0.0,0.0,1.0,2.0,0.0,1.0,2.0,2.0,9.0,Low
2.0,0.0,3.0,1.0,2.0,,3.0,1.0,0.0,12.0,Moderate
1.0,0.0,1.0,1.0,0.0,1.0,3.0,1.0,,9.0,Low
0.0,1.0,0.0,0.0,0.0,3.0,0.0,3.0,2.0,9.0,Low
1.0,3.0,0.0,2.0,0.0,3.0,2.0,3.0,0.0,14.0,High
2.0,,0.0,1.0,1.0,0.0,,3.0,3.0,12.0,Moderate
2.0,3.0,3.0,0.0,1.0,3.0,1.0,2.0,1.0,16.0,High
3.0,3.0,2.0,3.0,2.0,2.0,1.0,2.0,3.0,,Low
1.0,0.0,3.0,1.0,1.0,0.0,3.0,3.0,2.0,14.0,High
2.0,2.0,,1.0,,0.0,1.0,1.0,1.0,12.0,Moderate
0.0,0.0,1.0,2.0,0.0,0.0,2.0,1.0,2.0,8.0,Low
,2.0,1.0,1.0,2.0,1.0,2.0,1.0,1.0,14.0,High
0.0,3.0,1.0,1.0,2.0,3.0,0.0,2.0,2.0,14.0,High
1.0,0.0,0.0,3.0,3.0,1.0,1.0,0.0,3.0,12.0,Moderate
,2.0,0.0,0.0,1.0,,3.0,1.0,3.0,13.0,High
1.0,1.0,3.0,0.0,2.0,3.0,0.0,1.0,2.0,13.0,High
3.0,2.0,2.0,2.0,1.0,1.0,2.0,1.0,1.0,15.0,High
2.0,0.0,1.0,3.0,1.0,0.0,1.0,3.0,3.0,,Low
3.0,1.0,3.0,0.0,,1.0,2.0,2.0,,16.0,High
0.0,2.0,0.0,3.0,2.0,0.0,0.0,3.0,,11.0,Moderate
3.0,2.0,,0.0,1.0,1.0,2.0,3.0,3.0,15.0,High
0.0,2.0,2.0,3.0,1.0,1.0,1.0,0.0,0.0,10.0,Moderate
3.0,2.0,2.0,2.0,3.0,1.0,1.0,3.0,0.0,17.0,High
2.0,2.0,2.0,1.0,3.0,0.0,0.0,0.0,1.0,11.0,Moderate
0.0,1.0,3.0,2.0,1.0,1.0,1.0,,3.0,15.0,High
1.0,3.0,0.0,0.0,3.0,3.0,2.0,1.0,0.0,13.0,High
1.0,1.0,0.0,2.0,1.0,3.0,2.0,2.0,2.0,14.0,High
3.0,1.0,2.0,1.0,2.0,3.0,3.0,3.0,1.0,19.0,High
1.0,1.0,1.0,2.0,0.0,0.0,3.0,,0.0,8.0,Low
0.0,3.0,2.0,0.0,,0.0,3.0,2.0,3.0,16.0,High
1.0,0.0,3.0,0.0,0.0,3.0,2.0,0.0,3.0,12.0,Moderate
2.0,3.0,2.0,2.0,1.0,3.0,2.0,1.0,1.0,17.0,High
2.0,1.0,2.0,1.0,1.0,3.0,0.0,3.0,3.0,16.0,High
,2.0,3.0,2.0,1.0,2.0,3.0,2.0,2.0,20.0,High
0.0,2.0,2.0,1.0,0.0,3.0,2.0,1.0,2.0,13.0,High
2.0,1.0,0.0,3.0,1.0,1.0,0.0,3.0,0.0,11.0,Moderate
2.0,2.0,1.0,1.0,3.0,2.0,2.0,3.0,3.0,19.0,High
0.0,1.0,2.0,3.0,2.0,2.0,0.0,0.0,2.0,12.0,Moderate
1.0,,3.0,2.0,2.0,0.0,3.0,,1.0,14.0,High
1.0,3.0,1.0,1.0,3.0,1.0,3.0,1.0,3.0,17.0,High
3.0,0.0,3.0,3.0,2.0,0.0,3.0,,0.0,14.0,High
1.0,0.0,1.0,3.0,0.0,0.0,2.0,,1.0,9.0,Low
0.0,3.0,1.0,3.0,1.0,1.0,2.0,1.0,1.0,13.0,High
,3.0,2.0,0.0,1.0,0.0,0.0,1.0,1.0,10.0,Moderate
1.0,1.0,0.0,2.0,1.0,1.0,1.0,0.0,2.0,9.0,Low
3.0,1.0,2.0,3.0,0.0,1.0,1.0,2.0,1.0,14.0,High
1.0,,3.0,1.0,0.0,0.0,3.0,1.0,2.0,,Low
0.0,2.0,3.0,3.0,0.0,3.0,1.0,2.0,1.0,15.0,High
3.0,1.0,,0.0,3.0,0.0,3.0,3.0,2.0,16.0,High
1.0,3.0,1.0,2.0,0.0,2.0,0.0,0.0,,12.0,Moderate
3.0,0.0,0.0,0.0,2.0,0.0,1.0,0.0,2.0,8.0,Low
0.0,2.0,2.0,0.0,3.0,1.0,1.0,2.0,2.0,13.0,High
2.0,1.0,3.0,0.0,3.0,2.0,3.0,3.0,3.0,20.0,High
0.0,2.0,1.0,1.0,3.0,1.0,0.0,3.0,1.0,12.0,Moderate
0.0,2.0,0.0,2.0,0.0,3.0,1.0,1.0,3.0,12.0,Moderate
0.0,1.0,3.0,2.0,3.0,3.0,1.0,0.0,1.0,14.0,High
0.0,2.0,1.0,,0.0,2.0,1.0,3.0,2.0,12.0,Moderate
2.0,0.0,3.0,2.0,0.0,3.0,0.0,3.0,1.0,14.0,High
2.0,3.0,0.0,0.0,3.0,3.0,0.0,,2.0,14.0,High
3.0,3.0,0.0,2.0,1.0,0.0,1.0,1.0,1.0,,Low
1.0,0.0,3.0,1.0,1.0,0.0,3.0,2.0,2.0,13.0,High
2.0,2.0,2.0,0.0,3.0,3.0,3.0,,2.0,17.0,High
2.0,,,1.0,1.0,3.0,1.0,3.0,0.0,15.0,High
1.0,2.0,,3.0,2.0,0.0,0.0,2.0,1.0,12.0,Moderate
2.0,0.0,2.0,0.0,2.0,3.0,1.0,0.0,1.0,11.0,Moderate
0.0,2.0,1.0,0.0,0.0,3.0,0.0,2.0,0.0,8.0,Low
0.0,3.0,3.0,2.0,,1.0,1.0,,2.0,13.0,High
1.0,2.0,2.0,,2.0,3.0,0.0,0.0,2.0,12.0,Moderate
3.0,0.0,1.0,1.0,,2.0,2.0,3.0,0.0,15.0,High
3.0,3.0,,,1.0,,3.0,0.0,0.0,16.0,High
1.0,2.0,3.0,3.0,2.0,2.0,2.0,1.0,3.0,19.0,High
1.0,2.0,2.0,1.0,2.0,3.0,3.0,3.0,2.0,19.0,High
0.0,3.0,3.0,3.0,3.0,0.0,0.0,1.0,3.0,,Low
3.0,1.0,0.0,3.0,0.0,1.0,2.0,2.0,1.0,13.0,High
2.0,3.0,1.0,3.0,3.0,0.0,3.0,2.0,3.0,20.0,High
0.0,1.0,1.0,0.0,0.0,1.0,1.0,0.0,0.0,4.0,Low
1.0,0.0,3.0,1.0,2.0,0.0,0.0,0.0,0.0,7.0,Low
3.0,0.0,3.0,1.0,0.0,1.0,0.0,1.0,0.0,9.0,Low
2.0,3.0,0.0,,2.0,1.0,1.0,1.0,0.0,10.0,Moderate
2.0,3.0,2.0,,2.0,2.0,,1.0,3.0,18.0,High
0.0,0.0,3.0,3.0,1.0,0.0,3.0,2.0,3.0,15.0,High
,1.0,3.0,1.0,0.0,2.0,0.0,1.0,3.0,14.0,High
3.0,0.0,3.0,0.0,0.0,2.0,3.0,3.0,0.0,14.0,High
1.0,3.0,3.0,3.0,,0.0,1.0,3.0,0.0,14.0,High
3.0,0.0,1.0,2.0,3.0,1.0,,2.0,2.0,14.0,High
3.0,3.0,3.0,2.0,,2.0,1.0,,2.0,18.0,High
0.0,3.0,1.0,3.0,1.0,0.0,3.0,1.0,0.0,12.0,Moderate
3.0,0.0,3.0,2.0,1.0,1.0,3.0,0.0,2.0,15.0,High
2.0,1.0,2.0,1.0,3.0,2.0,3.0,3.0,1.0,18.0,High
0.0,2.0,0.0,1.0,0.0,2.0,0.0,2.0,1.0,8.0,Low
0.0,0.0,2.0,1.0,0.0,2.0,1.0,,0.0,7.0,Low
1.0,2.0,3.0,2.0,0.0,,1.0,0.0,3.0,13.0,High
3.0,0.0,3.0,1.0,1.0,2.0,3.0,2.0,1.0,16.0,High
1.0,2.0,3.0,0.0,1.0,1.0,,2.0,1.0,14.0,High
2.0,1.0,2.0,1.0,2.0,3.0,3.0,3.0,3.0,20.0,High
0.0,1.0,3.0,1.0,3.0,2.0,3.0,1.0,2.0,16.0,High
0.0,,2.0,2.0,3.0,3.0,2.0,2.0,3.0,17.0,High
0.0,3.0,1.0,1.0,1.0,,2.0,0.0,2.0,10.0,Moderate
2.0,2.0,0.0,3.0,2.0,2.0,2.0,0.0,2.0,15.0,High
2.0,3.0,0.0,0.0,0.0,0.0,3.0,2.0,3.0,13.0,High
1.0,3.0,2.0,2.0,1.0,0.0,3.0,,2.0,14.0,High
1.0,3.0,1.0,0.0,3.0,0.0,1.0,2.0,1.0,12.0,Moderate
1.0,1.0,2.0,,3.0,3.0,0.0,0.0,0.0,13.0,High
3.0,0.0,1.0,2.0,3.0,1.0,1.0,2.0,,15.0,High
0.0,0.0,3.0,2.0,0.0,3.0,2.0,2.0,1.0,13.0,High
0.0,,1.0,1.0,3.0,3.0,1.0,,3.0,15.0,High
1.0,1.0,1.0,0.0,0.0,0.0,3.0,0.0,2.0,8.0,Low
0.0,0.0,1.0,3.0,0.0,2.0,2.0,2.0,1.0,11.0,Moderate
1.0,3.0,0.0,3.0,0.0,1.0,2.0,3.0,2.0,15.0,High
,2.0,1.0,2.0,1.0,0.0,0.0,2.0,3.0,14.0,High
3.0,2.0,3.0,1.0,0.0,1.0,0.0,1.0,0.0,11.0,Moderate
2.0,2.0,3.0,2.0,2.0,3.0,2.0,,2.0,19.0,High
3.0,3.0,3.0,2.0,3.0,1.0,2.0,,0.0,20.0,High
1.0,0.0,1.0,2.0,1.0,1.0,1.0,2.0,2.0,11.0,Moderate
3.0,1.0,2.0,2.0,3.0,2.0,2.0,1.0,2.0,18.0,High
2.0,0.0,2.0,3.0,,0.0,3.0,2.0,3.0,15.0,High
0.0,3.0,3.0,3.0,1.0,1.0,1.0,1.0,2.0,15.0,High
1.0,1.0,0.0,2.0,,1.0,3.0,0.0,,11.0,Moderate
0.0,3.0,2.0,2.0,0.0,3.0,3.0,0.0,1.0,14.0,High
2.0,2.0,1.0,1.0,3.0,3.0,3.0,3.0,0.0,18.0,High
2.0,2.0,2.0,2.0,2.0,1.0,2.0,3.0,0.0,16.0,High
2.0,3.0,3.0,3.0,0.0,0.0,0.0,2.0,,14.0,High
0.0,1.0,0.0,0.0,,1.0,0.0,3.0,0.0,7.0,Low
0.0,1.0,2.0,3.0,0.0,1.0,3.0,2.0,0.0,12.0,Moderate
0.0,,2.0,1.0,1.0,2.0,2.0,0.0,1.0,9.0,Low
0.0,2.0,3.0,3.0,0.0,0.0,1.0,0.0,1.0,10.0,Moderate
2.0,0.0,,0.0,,2.0,3.0,1.0,1.0,10.0,Moderate
2.0,,0.0,2.0,0.0,0.0,1.0,2.0,3.0,10.0,Moderate
1.0,3.0,,0.0,0.0,0.0,1.0,0.0,3.0,11.0,Moderate
1.0,3.0,1.0,2.0,3.0,0.0,2.0,0.0,1.0,13.0,High
0.0,0.0,2.0,2.0,2.0,2.0,2.0,2.0,2.0,14.0,High
3.0,2.0,1.0,3.0,2.0,2.0,0.0,,1.0,15.0,High
3.0,3.0,2.0,3.0,2.0,,0.0,1.0,3.0,19.0,High
2.0,0.0,2.0,3.0,0.0,3.0,2.0,1.0,0.0,13.0,High
2.0,0.0,1.0,1.0,0.0,2.0,3.0,1.0,2.0,12.0,Moderate
2.0,0.0,3.0,3.0,0.0,3.0,0.0,0.0,2.0,13.0,High
1.0,0.0,3.0,1.0,,3.0,1.0,2.0,0.0,12.0,Moderate
1.0,0.0,2.0,3.0,1.0,3.0,3.0,,2.0,17.0,High
2.0,0.0,3.0,2.0,3.0,1.0,1.0,0.0,0.0,12.0,Moderate
2.0,3.0,2.0,1.0,0.0,1.0,2.0,0.0,,14.0,High
2.0,2.0,3.0,0.0,2.0,1.0,1.0,0.0,2.0,13.0,High
3.0,0.0,2.0,1.0,2.0,3.0,3.0,3.0,2.0,19.0,High
1.0,1.0,3.0,1.0,3.0,3.0,2.0,2.0,0.0,16.0,High
3.0,3.0,,0.0,2.0,0.0,3.0,2.0,0.0,13.0,High
3.0,3.0,1.0,1.0,3.0,3.0,1.0,2.0,3.0,20.0,High
2.0,0.0,0.0,2.0,0.0,1.0,3.0,1.0,0.0,9.0,Low
2.0,3.0,1.0,3.0,2.0,3.0,2.0,0.0,0.0,16.0,High
0.0,0.0,1.0,,0.0,3.0,1.0,0.0,3.0,8.0,Low
0.0,2.0,2.0,3.0,1.0,0.0,1.0,0.0,1.0,10.0,Moderate
3.0,2.0,1.0,2.0,2.0,3.0,0.0,3.0,1.0,17.0,High
1.0,3.0,0.0,0.0,1.0,2.0,0.0,2.0,0.0,9.0,Low
2.0,3.0,0.0,3.0,2.0,,3.0,0.0,3.0,16.0,High
2.0,1.0,3.0,3.0,0.0,3.0,0.0,3.0,1.0,16.0,High
3.0,3.0,0.0,2.0,3.0,3.0,0.0,0.0,3.0,17.0,High
0.0,1.0,3.0,3.0,0.0,0.0,0.0,1.0,0.0,8.0,Low
1.0,2.0,1.0,2.0,0.0,3.0,0.0,2.0,0.0,11.0,Moderate
0.0,2.0,0.0,1.0,0.0,1.0,2.0,3.0,3.0,12.0,Moderate
0.0,0.0,1.0,2.0,2.0,2.0,2.0,0.0,2.0,11.0,Moderate
0.0,2.0,0.0,1.0,3.0,2.0,0.0,2.0,0.0,10.0,Moderate
0.0,1.0,0.0,0.0,,1.0,3.0,3.0,,9.0,Low
2.0,3.0,3.0,3.0,0.0,3.0,2.0,2.0,0.0,18.0,High
2.0,0.0,1.0,2.0,2.0,3.0,0.0,2.0,0.0,12.0,Moderate
0.0,1.0,0.0,2.0,1.0,2.0,2.0,1.0,3.0,12.0,Moderate
1.0,3.0,2.0,3.0,0.0,3.0,1.0,2.0,3.0,18.0,High
3.0,0.0,1.0,3.0,1.0,2.0,2.0,3.0,3.0,18.0,High
1.0,2.0,1.0,0.0,0.0,2.0,2.0,2.0,3.0,13.0,High
1.0,1.0,1.0,0.0,1.0,1.0,3.0,3.0,2.0,13.0,High
,3.0,3.0,2.0,1.0,2.0,2.0,,3.0,19.0,High
0.0,0.0,,0.0,3.0,3.0,3.0,0.0,3.0,14.0,High
2.0,0.0,1.0,,3.0,3.0,1.0,1.0,0.0,12.0,Moderate
1.0,2.0,0.0,0.0,0.0,0.0,0.0,0.0,2.0,5.0,Low
0.0,3.0,0.0,0.0,2.0,3.0,3.0,1.0,0.0,12.0,Moderate
1.0,2.0,3.0,2.0,3.0,0.0,2.0,3.0,2.0,,Low
1.0,2.0,0.0,1.0,1.0,,2.0,1.0,1.0,11.0,Moderate
0.0,3.0,1.0,0.0,3.0,,,2.0,2.0,17.0,High
2.0,3.0,0.0,1.0,3.0,1.0,1.0,2.0,2.0,15.0,High
,3.0,1.0,1.0,0.0,1.0,0.0,0.0,0.0,8.0,Low
3.0,1.0,0.0,1.0,3.0,1.0,2.0,1.0,2.0,14.0,High
0.0,3.0,2.0,3.0,3.0,2.0,1.0,3.0,2.0,19.0,High
3.0,0.0,3.0,3.0,1.0,2.0,0.0,3.0,0.0,15.0,High
3.0,2.0,3.0,3.0,3.0,0.0,0.0,2.0,1.0,17.0,High
3.0,1.0,2.0,3.0,,1.0,2.0,3.0,1.0,17.0,High
2.0,3.0,2.0,2.0,3.0,0.0,3.0,,,18.0,High
0.0,,3.0,0.0,3.0,0.0,2.0,2.0,2.0,13.0,High
3.0,3.0,,3.0,2.0,3.0,2.0,2.0,0.0,20.0,High
0.0,1.0,1.0,2.0,3.0,3.0,2.0,0.0,1.0,13.0,High
0.0,2.0,0.0,0.0,1.0,1.0,1.0,0.0,1.0,6.0,Low
2.0,2.0,3.0,3.0,1.0,2.0,3.0,2.0,1.0,19.0,High
3.0,0.0,2.0,0.0,0.0,3.0,1.0,2.0,1.0,12.0,Moderate
3.0,0.0,1.0,3.0,0.0,,2.0,2.0,,13.0,High
0.0,3.0,3.0,2.0,2.0,0.0,3.0,3.0,1.0,17.0,High
1.0,2.0,2.0,1.0,1.0,0.0,0.0,2.0,2.0,11.0,Moderate
2.0,1.0,3.0,1.0,1.0,0.0,3.0,2.0,2.0,15.0,High
2.0,1.0,2.0,0.0,1.0,0.0,2.0,1.0,0.0,9.0,Low
2.0,1.0,3.0,2.0,2.0,1.0,3.0,1.0,3.0,18.0,High
,0.0,1.0,1.0,1.0,0.0,0.0,1.0,1.0,7.0,Low
3.0,1.0,1.0,3.0,0.0,3.0,0.0,1.0,1.0,13.0,High
3.0,0.0,0.0,1.0,2.0,0.0,3.0,2.0,2.0,13.0,High
1.0,0.0,3.0,0.0,0.0,2.0,0.0,1.0,0.0,7.0,Low
2.0,3.0,0.0,0.0,0.0,3.0,1.0,3.0,3.0,15.0,High
2.0,1.0,3.0,2.0,2.0,,3.0,3.0,2.0,20.0,High
,1.0,2.0,0.0,3.0,2.0,0.0,1.0,3.0,12.0,Moderate
3.0,2.0,2.0,1.0,3.0,1.0,0.0,0.0,0.0,12.0,Moderate
2.0,3.0,0.0,1.0,0.0,1.0,3.0,3.0,0.0,13.0,High
1.0,2.0,3.0,1.0,3.0,2.0,1.0,3.0,0.0,16.0,High
1.0,3.0,0.0,1.0,1.0,2.0,3.0,1.0,2.0,14.0,High
3.0,1.0,1.0,2.0,2.0,0.0,0.0,1.0,0.0,10.0,Moderate
1.0,0.0,,3.0,0.0,3.0,3.0,2.0,2.0,14.0,High
,0.0,0.0,3.0,1.0,0.0,0.0,3.0,2.0,10.0,Moderate
3.0,0.0,2.0,2.0,3.0,1.0,2.0,1.0,1.0,15.0,High
2.0,0.0,,0.0,1.0,1.0,3.0,1.0,,10.0,Moderate
,0.0,3.0,3.0,3.0,0.0,3.0,2.0,2.0,18.0,High
1.0,2.0,2.0,0.0,,3.0,0.0,3.0,1.0,12.0,Moderate
1.0,3.0,0.0,3.0,1.0,2.0,0.0,1.0,3.0,14.0,High
2.0,1.0,1.0,0.0,2.0,0.0,0.0,2.0,1.0,,Low
3.0,2.0,0.0,2.0,0.0,1.0,0.0,1.0,1.0,10.0,Moderate
1.0,3.0,0.0,1.0,1.0,3.0,3.0,0.0,0.0,12.0,Moderate
0.0,0.0,0.0,,1.0,1.0,0.0,0.0,0.0,2.0,Low
3.0,3.0,2.0,1.0,3.0,3.0,3.0,1.0,1.0,20.0,High
1.0,3.0,3.0,0.0,0.0,3.0,1.0,,0.0,14.0,High
1.0,0.0,1.0,0.0,0.0,3.0,3.0,0.0,1.0,9.0,Low
0.0,0.0,0.0,0.0,0.0,0.0,0.0,2.0,0.0,2.0,Low
0.0,0.0,3.0,0.0,0.0,0.0,0.0,,2.0,6.0,Low
2.0,1.0,3.0,0.0,3.0,0.0,1.0,2.0,0.0,12.0,Moderate
3.0,0.0,2.0,1.0,2.0,3.0,3.0,0.0,0.0,14.0,High
3.0,1.0,1.0,0.0,0.0,3.0,1.0,3.0,2.0,14.0,High
2.0,0.0,2.0,1.0,3.0,1.0,3.0,2.0,1.0,15.0,High
3.0,1.0,3.0,2.0,2.0,2.0,0.0,0.0,0.0,13.0,High
3.0,3.0,3.0,3.0,2.0,0.0,3.0,0.0,0.0,17.0,High
3.0,2.0,3.0,0.0,3.0,3.0,,,2.0,16.0,High
3.0,3.0,,3.0,0.0,1.0,0.0,2.0,2.0,16.0,High
3.0,,1.0,1.0,2.0,1.0,2.0,0.0,2.0,15.0,High
0.0,0.0,0.0,2.0,0.0,,2.0,1.0,3.0,9.0,Low
3.0,1.0,2.0,2.0,0.0,0.0,3.0,0.0,2.0,13.0,High
,,3.0,2.0,1.0,0.0,0.0,1.0,1.0,10.0,Moderate
3.0,0.0,2.0,3.0,0.0,2.0,1.0,3.0,0.0,14.0,High
2.0,0.0,3.0,1.0,1.0,1.0,0.0,1.0,0.0,9.0,Low
1.0,0.0,0.0,,2.0,0.0,1.0,3.0,3.0,10.0,Moderate
0.0,,0.0,0.0,3.0,1.0,3.0,3.0,0.0,13.0,High
3.0,1.0,1.0,1.0,1.0,3.0,3.0,1.0,0.0,,Low
2.0,1.0,3.0,3.0,3.0,1.0,1.0,3.0,1.0,18.0,High
1.0,2.0,1.0,0.0,2.0,,,1.0,0.0,10.0,Moderate
0.0,1.0,1.0,1.0,0.0,0.0,0.0,2.0,1.0,6.0,Low
1.0,1.0,0.0,,2.0,3.0,,3.0,3.0,16.0,High
2.0,0.0,2.0,2.0,3.0,0.0,0.0,1.0,1.0,11.0,Moderate
0.0,0.0,2.0,0.0,2.0,,1.0,3.0,2.0,13.0,High
1.0,3.0,,3.0,0.0,1.0,2.0,0.0,2.0,13.0,High
3.0,,0.0,1.0,2.0,1.0,2.0,1.0,3.0,13.0,High
,0.0,3.0,3.0,0.0,2.0,2.0,0.0,0.0,10.0,Moderate
1.0,0.0,,1.0,1.0,2.0,1.0,3.0,1.0,12.0,Moderate
2.0,0.0,1.0,2.0,3.0,3.0,0.0,3.0,2.0,16.0,High
2.0,3.0,2.0,1.0,0.0,2.0,3.0,2.0,1.0,16.0,High
0.0,0.0,2.0,0.0,0.0,2.0,1.0,1.0,2.0,8.0,Low
1.0,2.0,3.0,0.0,2.0,2.0,2.0,0.0,1.0,13.0,High
0.0,2.0,0.0,2.0,1.0,2.0,0.0,2.0,0.0,9.0,Low
0.0,2.0,3.0,1.0,0.0,1.0,3.0,3.0,3.0,16.0,High
,2.0,0.0,2.0,1.0,2.0,3.0,3.0,0.0,14.0,High
1.0,0.0,2.0,0.0,1.0,1.0,1.0,2.0,,9.0,Low
3.0,2.0,1.0,3.0,2.0,1.0,1.0,0.0,2.0,,Low
1.0,0.0,3.0,2.0,0.0,0.0,3.0,3.0,2.0,14.0,High
2.0,3.0,0.0,3.0,2.0,1.0,3.0,3.0,,20.0,High
0.0,2.0,2.0,3.0,3.0,1.0,2.0,1.0,0.0,,Low
0.0,1.0,0.0,,3.0,2.0,3.0,2.0,0.0,12.0,Moderate
2.0,2.0,0.0,2.0,0.0,1.0,1.0,3.0,0.0,11.0,Moderate
1.0,2.0,0.0,3.0,1.0,3.0,0.0,0.0,2.0,12.0,Moderate
2.0,0.0,2.0,3.0,0.0,2.0,2.0,1.0,3.0,15.0,High
2.0,2.0,,1.0,0.0,,2.0,2.0,2.0,14.0,High
3.0,1.0,1.0,1.0,3.0,2.0,,0.0,0.0,14.0,High
,0.0,1.0,0.0,3.0,0.0,0.0,3.0,1.0,10.0,Moderate
0.0,0.0,0.0,3.0,1.0,2.0,2.0,,2.0,12.0,Moderate
2.0,3.0,2.0,0.0,1.0,1.0,1.0,2.0,3.0,15.0,High
,3.0,0.0,3.0,0.0,3.0,3.0,0.0,0.0,12.0,Moderate
0.0,2.0,1.0,0.0,2.0,2.0,1.0,2.0,1.0,11.0,Moderate
0.0,3.0,1.0,1.0,0.0,2.0,3.0,0.0,2.0,12.0,Moderate
1.0,3.0,,2.0,1.0,3.0,2.0,3.0,1.0,18.0,High
3.0,3.0,0.0,1.0,2.0,2.0,3.0,1.0,1.0,16.0,High
0.0,0.0,3.0,0.0,3.0,0.0,0.0,0.0,3.0,9.0,Low
0.0,0.0,3.0,0.0,1.0,1.0,1.0,1.0,2.0,9.0,Low
1.0,0.0,1.0,2.0,1.0,3.0,0.0,,3.0,13.0,High
0.0,3.0,2.0,3.0,2.0,3.0,1.0,0.0,0.0,14.0,High
2.0,0.0,0.0,0.0,1.0,0.0,,3.0,1.0,8.0,Low
2.0,3.0,0.0,0.0,1.0,1.0,3.0,0.0,3.0,13.0,High
3.0,0.0,1.0,,1.0,0.0,2.0,0.0,3.0,10.0,Moderate
0.0,0.0,1.0,2.0,1.0,1.0,2.0,0.0,0.0,7.0,Low
1.0,1.0,0.0,1.0,1.0,0.0,0.0,1.0,2.0,7.0,Low
2.0,2.0,0.0,0.0,1.0,2.0,3.0,1.0,,14.0,High
1.0,3.0,1.0,2.0,1.0,0.0,2.0,2.0,1.0,13.0,High
1.0,1.0,0.0,0.0,1.0,3.0,1.0,2.0,1.0,,Low
2.0,0.0,3.0,3.0,3.0,3.0,1.0,2.0,1.0,18.0,High
1.0,3.0,1.0,2.0,1.0,3.0,3.0,2.0,1.0,17.0,High
2.0,0.0,0.0,0.0,3.0,0.0,0.0,0.0,3.0,8.0,Low
1.0,2.0,1.0,2.0,3.0,3.0,3.0,1.0,,17.0,High
2.0,,2.0,0.0,0.0,3.0,0.0,1.0,3.0,12.0,Moderate
0.0,2.0,1.0,1.0,0.0,2.0,3.0,1.0,2.0,12.0,Moderate
3.0,1.0,,0.0,3.0,2.0,1.0,1.0,1.0,13.0,High
2.0,0.0,2.0,2.0,3.0,,3.0,2.0,2.0,17.0,High
2.0,2.0,3.0,3.0,1.0,1.0,2.0,0.0,3.0,17.0,High
3.0,2.0,0.0,3.0,0.0,1.0,2.0,1.0,0.0,12.0,Moderate
2.0,0.0,2.0,,2.0,0.0,3.0,3.0,2.0,17.0,High
2.0,2.0,1.0,0.0,0.0,1.0,0.0,0.0,1.0,7.0,Low
1.0,3.0,0.0,1.0,3.0,0.0,0.0,3.0,0.0,11.0,Moderate
,1.0,2.0,0.0,3.0,0.0,1.0,0.0,2.0,12.0,Moderate
0.0,1.0,0.0,3.0,1.0,1.0,1.0,,3.0,10.0,Moderate
2.0,1.0,0.0,2.0,1.0,1.0,0.0,0.0,3.0,10.0,Moderate
3.0,3.0,2.0,3.0,0.0,0.0,,3.0,3.0,20.0,High
1.0,1.0,0.0,2.0,1.0,2.0,1.0,1.0,2.0,,Low
0.0,0.0,3.0,1.0,2.0,3.0,0.0,1.0,3.0,13.0,High
3.0,2.0,2.0,2.0,2.0,3.0,0.0,3.0,2.0,19.0,High
0.0,3.0,3.0,0.0,1.0,3.0,,1.0,1.0,15.0,High
0.0,1.0,1.0,0.0,2.0,2.0,2.0,2.0,1.0,11.0,Moderate
0.0,0.0,0.0,0.0,2.0,0.0,0.0,1.0,2.0,5.0,Low
2.0,2.0,,2.0,0.0,1.0,1.0,2.0,2.0,,Low
2.0,2.0,1.0,0.0,2.0,0.0,,2.0,0.0,12.0,Moderate
1.0,3.0,0.0,0.0,3.0,0.0,3.0,2.0,3.0,15.0,High
1.0,3.0,2.0,0.0,3.0,1.0,,3.0,1.0,17.0,High
3.0,3.0,0.0,1.0,0.0,2.0,2.0,1.0,1.0,13.0,High
1.0,0.0,1.0,2.0,1.0,3.0,2.0,1.0,,11.0,Moderate
0.0,,1.0,2.0,0.0,3.0,1.0,3.0,2.0,12.0,Moderate
0.0,3.0,2.0,3.0,1.0,0.0,1.0,3.0,2.0,15.0,High
,1.0,0.0,2.0,1.0,2.0,3.0,1.0,0.0,12.0,Moderate
0.0,2.0,1.0,1.0,1.0,3.0,1.0,3.0,,15.0,High
3.0,2.0,3.0,,1.0,2.0,0.0,3.0,2.0,18.0,High
0.0,0.0,,1.0,1.0,1.0,2.0,2.0,2.0,,Low
0.0,2.0,1.0,1.0,0.0,0.0,3.0,3.0,3.0,13.0,High
3.0,1.0,2.0,2.0,1.0,0.0,3.0,2.0,3.0,17.0,High
1.0,2.0,3.0,3.0,2.0,2.0,0.0,0.0,0.0,13.0,High
1.0,0.0,1.0,0.0,2.0,3.0,0.0,2.0,0.0,9.0,Low
3.0,0.0,1.0,0.0,1.0,2.0,0.0,2.0,0.0,9.0,Low
2.0,1.0,3.0,2.0,2.0,1.0,0.0,3.0,2.0,16.0,High
0.0,1.0,0.0,2.0,3.0,3.0,3.0,1.0,0.0,13.0,High
3.0,2.0,0.0,1.0,0.0,3.0,2.0,,2.0,13.0,High
0.0,2.0,1.0,2.0,0.0,2.0,2.0,0.0,1.0,10.0,Moderate
2.0,0.0,1.0,1.0,1.0,1.0,,0.0,3.0,,Low
0.0,1.0,0.0,3.0,1.0,3.0,1.0,1.0,3.0,13.0,High
3.0,1.0,2.0,2.0,3.0,0.0,3.0,0.0,1.0,15.0,High
0.0,1.0,,0.0,1.0,1.0,2.0,0.0,0.0,8.0,Low
1.0,2.0,3.0,0.0,2.0,3.0,0.0,1.0,2.0,14.0,High
2.0,1.0,2.0,2.0,3.0,2.0,1.0,0.0,2.0,15.0,High
2.0,0.0,2.0,1.0,2.0,3.0,1.0,3.0,2.0,16.0,High
2.0,,2.0,0.0,,0.0,,3.0,3.0,10.0,Moderate
3.0,2.0,2.0,1.0,2.0,,3.0,2.0,0.0,16.0,High
2.0,3.0,2.0,2.0,0.0,3.0,2.0,2.0,,18.0,High
1.0,2.0,2.0,2.0,2.0,0.0,1.0,2.0,2.0,14.0,High
3.0,3.0,3.0,0.0,0.0,3.0,2.0,3.0,2.0,19.0,High
1.0,1.0,,2.0,1.0,3.0,2.0,3.0,1.0,16.0,High
0.0,2.0,0.0,3.0,2.0,1.0,1.0,3.0,2.0,14.0,High
0.0,0.0,2.0,3.0,,2.0,0.0,2.0,1.0,10.0,Moderate
0.0,1.0,2.0,0.0,2.0,2.0,1.0,2.0,2.0,12.0,Moderate
0.0,0.0,3.0,3.0,3.0,0.0,1.0,2.0,2.0,14.0,High
1.0,1.0,3.0,1.0,1.0,0.0,3.0,2.0,2.0,14.0,High
3.0,2.0,2.0,0.0,0.0,,2.0,2.0,1.0,12.0,Moderate
3.0,3.0,3.0,0.0,3.0,1.0,0.0,2.0,2.0,17.0,High
2.0,1.0,1.0,1.0,2.0,2.0,,3.0,0.0,14.0,High
1.0,3.0,3.0,3.0,3.0,0.0,1.0,1.0,2.0,17.0,High
0.0,1.0,3.0,3.0,2.0,0.0,0.0,1.0,1.0,11.0,Moderate
1.0,0.0,3.0,3.0,1.0,3.0,0.0,2.0,1.0,14.0,High
2.0,0.0,3.0,0.0,3.0,3.0,0.0,1.0,0.0,12.0,Moderate
2.0,1.0,0.0,0.0,1.0,0.0,0.0,1.0,3.0,8.0,Low
1.0,3.0,0.0,3.0,0.0,3.0,,,0.0,16.0,High
,2.0,0.0,2.0,,3.0,0.0,2.0,0.0,12.0,Moderate
,2.0,2.0,3.0,,3.0,1.0,2.0,1.0,17.0,High
3.0,0.0,2.0,1.0,1.0,1.0,3.0,1.0,,14.0,High
0.0,2.0,1.0,0.0,1.0,0.0,1.0,2.0,2.0,9.0,Low
1.0,0.0,0.0,1.0,0.0,0.0,1.0,2.0,3.0,8.0,Low
1.0,2.0,2.0,,3.0,,2.0,,3.0,19.0,High
1.0,1.0,3.0,0.0,2.0,1.0,0.0,2.0,3.0,13.0,High
2.0,0.0,3.0,2.0,2.0,3.0,0.0,1.0,3.0,16.0,High
2.0,0.0,0.0,3.0,,1.0,1.0,0.0,0.0,7.0,Low
3.0,1.0,1.0,1.0,0.0,0.0,0.0,1.0,0.0,7.0,Low
0.0,0.0,1.0,0.0,1.0,3.0,3.0,3.0,2.0,13.0,High
3.0,2.0,3.0,1.0,1.0,0.0,2.0,0.0,0.0,12.0,Moderate
0.0,2.0,1.0,3.0,3.0,1.0,0.0,0.0,2.0,12.0,Moderate
2.0,0.0,,2.0,0.0,2.0,0.0,0.0,2.0,8.0,Low
2.0,2.0,3.0,2.0,3.0,,3.0,1.0,2.0,19.0,High
,3.0,2.0,2.0,0.0,2.0,2.0,3.0,2.0,18.0,High
3.0,0.0,2.0,0.0,,0.0,3.0,1.0,1.0,12.0,Moderate
1.0,1.0,1.0,0.0,0.0,0.0,1.0,3.0,2.0,9.0,Low
1.0,,,2.0,0.0,3.0,1.0,1.0,0.0,14.0,High
2.0,0.0,3.0,3.0,2.0,2.0,0.0,1.0,0.0,13.0,High
1.0,1.0,2.0,3.0,0.0,1.0,2.0,1.0,0.0,11.0,Moderate
1.0,2.0,3.0,0.0,3.0,0.0,1.0,0.0,0.0,10.0,Moderate
3.0,1.0,3.0,2.0,1.0,2.0,3.0,1.0,1.0,17.0,High
0.0,3.0,3.0,3.0,1.0,1.0,1.0,3.0,3.0,18.0,High
2.0,2.0,1.0,3.0,3.0,2.0,1.0,3.0,3.0,20.0,High
2.0,0.0,3.0,3.0,2.0,1.0,3.0,3.0,2.0,19.0,High
,2.0,0.0,0.0,,1.0,0.0,0.0,2.0,8.0,Low
3.0,0.0,,2.0,3.0,1.0,2.0,1.0,0.0,13.0,High
1.0,0.0,3.0,1.0,1.0,1.0,0.0,1.0,0.0,8.0,Low
2.0,1.0,3.0,2.0,1.0,2.0,3.0,2.0,3.0,19.0,High
0.0,1.0,0.0,2.0,3.0,2.0,1.0,0.0,3.0,12.0,Moderate
3.0,1.0,1.0,0.0,1.0,3.0,2.0,3.0,,14.0,High
0.0,3.0,2.0,3.0,3.0,2.0,0.0,3.0,2.0,18.0,High
0.0,3.0,2.0,3.0,,2.0,3.0,1.0,,16.0,High
2.0,1.0,1.0,0.0,3.0,3.0,1.0,3.0,1.0,15.0,High
2.0,3.0,3.0,0.0,0.0,2.0,1.0,1.0,3.0,15.0,High
3.0,2.0,3.0,0.0,0.0,1.0,0.0,1.0,3.0,13.0,High
2.0,2.0,2.0,0.0,0.0,0.0,3.0,2.0,3.0,14.0,High
2.0,3.0,2.0,0.0,0.0,0.0,1.0,0.0,1.0,9.0,Low
2.0,3.0,2.0,1.0,1.0,3.0,1.0,1.0,1.0,15.0,High
0.0,2.0,0.0,2.0,2.0,2.0,2.0,1.0,0.0,11.0,Moderate
3.0,0.0,2.0,2.0,3.0,2.0,1.0,1.0,2.0,16.0,High
1.0,2.0,0.0,2.0,2.0,3.0,0.0,2.0,3.0,15.0,High
0.0,2.0,1.0,3.0,1.0,0.0,3.0,1.0,0.0,11.0,Moderate
2.0,3.0,3.0,1.0,1.0,1.0,3.0,0.0,1.0,15.0,High
0.0,2.0,2.0,2.0,,2.0,2.0,0.0,0.0,12.0,Moderate
,3.0,3.0,3.0,2.0,3.0,3.0,3.0,1.0,23.0,High
2.0,3.0,3.0,1.0,1.0,1.0,0.0,0.0,2.0,13.0,High
0.0,1.0,2.0,1.0,1.0,3.0,1.0,3.0,1.0,13.0,High
3.0,2.0,2.0,3.0,,3.0,2.0,0.0,0.0,18.0,High
2.0,0.0,1.0,1.0,0.0,3.0,3.0,3.0,2.0,15.0,High
3.0,1.0,,3.0,0.0,0.0,2.0,1.0,1.0,11.0,Moderate
1.0,3.0,0.0,2.0,3.0,0.0,2.0,2.0,3.0,16.0,High
2.0,3.0,3.0,3.0,2.0,3.0,3.0,2.0,1.0,22.0,High
3.0,,2.0,1.0,1.0,2.0,2.0,2.0,2.0,15.0,High
3.0,3.0,1.0,2.0,2.0,1.0,3.0,1.0,0.0,16.0,High
1.0,2.0,1.0,2.0,0.0,,0.0,2.0,2.0,12.0,Moderate
3.0,1.0,1.0,0.0,0.0,0.0,3.0,0.0,,8.0,Low
3.0,3.0,1.0,0.0,2.0,1.0,1.0,,1.0,15.0,High
1.0,3.0,1.0,1.0,0.0,3.0,3.0,1.0,1.0,,Low
2.0,0.0,0.0,3.0,,2.0,,2.0,2.0,13.0,High
3.0,2.0,0.0,3.0,3.0,2.0,2.0,0.0,3.0,18.0,High
3.0,,0.0,1.0,2.0,3.0,3.0,0.0,1.0,16.0,High
3.0,0.0,2.0,2.0,1.0,2.0,1.0,1.0,3.0,15.0,High
0.0,3.0,3.0,1.0,1.0,0.0,,1.0,3.0,15.0,High
1.0,0.0,1.0,1.0,0.0,3.0,3.0,2.0,2.0,13.0,High
0.0,0.0,2.0,2.0,1.0,2.0,3.0,3.0,1.0,,Low
1.0,2.0,1.0,3.0,2.0,3.0,0.0,2.0,3.0,17.0,High
2.0,3.0,0.0,1.0,1.0,1.0,1.0,2.0,1.0,12.0,Moderate
2.0,2.0,2.0,3.0,3.0,3.0,0.0,1.0,0.0,16.0,High
3.0,0.0,0.0,1.0,1.0,2.0,0.0,2.0,,12.0,Moderate
1.0,1.0,1.0,2.0,1.0,0.0,1.0,2.0,2.0,11.0,Moderate
2.0,3.0,1.0,2.0,3.0,3.0,3.0,3.0,2.0,22.0,High
1.0,1.0,3.0,0.0,1.0,3.0,0.0,0.0,3.0,12.0,Moderate
2.0,3.0,1.0,2.0,1.0,2.0,0.0,0.0,1.0,12.0,Moderate
0.0,2.0,0.0,0.0,0.0,0.0,0.0,3.0,0.0,5.0,Low
2.0,2.0,1.0,1.0,2.0,0.0,3.0,0.0,0.0,11.0,Moderate
0.0,2.0,3.0,3.0,0.0,1.0,,2.0,2.0,13.0,High
2.0,2.0,3.0,2.0,2.0,1.0,2.0,3.0,2.0,19.0,High
3.0,2.0,0.0,,3.0,2.0,1.0,3.0,1.0,17.0,High
0.0,1.0,2.0,2.0,3.0,0.0,2.0,1.0,2.0,13.0,High
2.0,2.0,1.0,1.0,3.0,0.0,3.0,0.0,1.0,13.0,High
3.0,0.0,3.0,0.0,2.0,1.0,0.0,1.0,3.0,13.0,High
0.0,0.0,1.0,1.0,2.0,1.0,1.0,2.0,0.0,8.0,Low
3.0,1.0,1.0,3.0,2.0,2.0,0.0,3.0,3.0,18.0,High
1.0,3.0,2.0,1.0,3.0,0.0,3.0,2.0,2.0,17.0,High
1.0,0.0,3.0,3.0,2.0,3.0,1.0,0.0,0.0,13.0,High
0.0,3.0,1.0,2.0,,1.0,2.0,1.0,0.0,11.0,Moderate
2.0,1.0,3.0,3.0,0.0,2.0,1.0,0.0,3.0,15.0,High
,3.0,0.0,3.0,3.0,0.0,0.0,2.0,1.0,12.0,Moderate
3.0,3.0,0.0,0.0,,,1.0,1.0,0.0,8.0,Low
2.0,3.0,1.0,3.0,1.0,1.0,3.0,0.0,1.0,15.0,High
,3.0,3.0,3.0,2.0,2.0,3.0,2.0,,22.0,High
2.0,1.0,1.0,1.0,0.0,3.0,1.0,0.0,3.0,12.0,Moderate
1.0,0.0,3.0,2.0,1.0,1.0,3.0,3.0,1.0,15.0,High
2.0,2.0,3.0,1.0,1.0,2.0,3.0,1.0,3.0,18.0,High
2.0,3.0,2.0,1.0,0.0,0.0,3.0,1.0,0.0,12.0,Moderate
2.0,0.0,2.0,2.0,3.0,3.0,2.0,1.0,3.0,18.0,High
3.0,0.0,2.0,2.0,0.0,2.0,,3.0,3.0,15.0,High
3.0,1.0,1.0,3.0,3.0,,3.0,1.0,0.0,18.0,High
0.0,0.0,2.0,3.0,2.0,2.0,1.0,3.0,1.0,14.0,High
0.0,1.0,2.0,0.0,3.0,2.0,3.0,1.0,3.0,15.0,High
1.0,3.0,0.0,1.0,2.0,2.0,2.0,0.0,1.0,12.0,Moderate
3.0,3.0,3.0,2.0,0.0,2.0,1.0,0.0,0.0,14.0,High
1.0,2.0,3.0,3.0,2.0,3.0,0.0,0.0,1.0,15.0,High
0.0,2.0,2.0,2.0,1.0,1.0,1.0,0.0,1.0,10.0,Moderate
1.0,2.0,3.0,3.0,2.0,3.0,1.0,3.0,2.0,20.0,High
0.0,0.0,0.0,0.0,3.0,2.0,1.0,2.0,2.0,10.0,Moderate
3.0,3.0,0.0,0.0,3.0,3.0,1.0,2.0,3.0,18.0,High
2.0,1.0,2.0,2.0,3.0,3.0,,0.0,2.0,18.0,High
3.0,2.0,0.0,0.0,2.0,3.0,0.0,2.0,2.0,14.0,High
1.0,1.0,3.0,2.0,3.0,2.0,3.0,,2.0,,Low
,1.0,1.0,3.0,3.0,3.0,2.0,1.0,1.0,16.0,High
3.0,2.0,,1.0,,0.0,2.0,3.0,1.0,16.0,High
3.0,3.0,1.0,0.0,2.0,2.0,1.0,0.0,2.0,14.0,High
0.0,2.0,2.0,3.0,1.0,3.0,3.0,2.0,0.0,16.0,High
1.0,1.0,1.0,1.0,3.0,0.0,3.0,2.0,,14.0,High
1.0,2.0,0.0,1.0,3.0,3.0,0.0,0.0,0.0,10.0,Moderate
3.0,1.0,3.0,1.0,3.0,1.0,0.0,,1.0,14.0,High
,1.0,1.0,3.0,2.0,3.0,0.0,0.0,0.0,12.0,Moderate
1.0,2.0,3.0,3.0,0.0,3.0,3.0,1.0,1.0,17.0,High
2.0,0.0,2.0,2.0,3.0,1.0,0.0,2.0,0.0,12.0,Moderate
3.0,2.0,2.0,1.0,3.0,2.0,0.0,3.0,1.0,17.0,High
3.0,0.0,0.0,1.0,3.0,1.0,0.0,1.0,1.0,10.0,Moderate
0.0,1.0,2.0,1.0,3.0,2.0,1.0,1.0,2.0,13.0,High
1.0,1.0,1.0,2.0,2.0,1.0,2.0,0.0,3.0,13.0,High
,0.0,2.0,1.0,0.0,3.0,2.0,2.0,3.0,15.0,High
0.0,1.0,0.0,3.0,0.0,3.0,3.0,3.0,1.0,14.0,High
1.0,0.0,3.0,1.0,0.0,2.0,3.0,0.0,2.0,12.0,Moderate
0.0,0.0,3.0,0.0,3.0,2.0,1.0,0.0,3.0,12.0,Moderate
3.0,1.0,2.0,3.0,3.0,0.0,2.0,3.0,3.0,20.0,High
1.0,3.0,1.0,2.0,0.0,0.0,0.0,2.0,2.0,11.0,Moderate
0.0,0.0,0.0,1.0,0.0,3.0,0.0,3.0,2.0,9.0,Low
0.0,2.0,1.0,0.0,,3.0,3.0,0.0,3.0,15.0,High
2.0,2.0,0.0,2.0,3.0,0.0,2.0,0.0,3.0,14.0,High
0.0,1.0,2.0,2.0,1.0,0.0,,1.0,0.0,10.0,Moderate
1.0,,0.0,3.0,1.0,2.0,3.0,3.0,0.0,16.0,High
,1.0,0.0,2.0,1.0,1.0,0.0,3.0,1.0,10.0,Moderate
2.0,3.0,2.0,2.0,,,0.0,3.0,3.0,17.0,High
1.0,0.0,1.0,2.0,2.0,0.0,2.0,0.0,2.0,10.0,Moderate
3.0,0.0,2.0,2.0,3.0,3.0,3.0,2.0,2.0,,Low
,0.0,0.0,,1.0,0.0,,0.0,3.0,7.0,Low
1.0,0.0,2.0,1.0,2.0,3.0,2.0,1.0,1.0,13.0,High
0.0,2.0,0.0,1.0,3.0,3.0,3.0,0.0,2.0,14.0,High
,2.0,2.0,,2.0,3.0,2.0,0.0,3.0,15.0,High
1.0,1.0,3.0,0.0,0.0,3.0,2.0,0.0,3.0,13.0,High
2.0,3.0,3.0,1.0,0.0,1.0,2.0,,1.0,14.0,High
0.0,0.0,2.0,2.0,0.0,0.0,1.0,3.0,3.0,11.0,Moderate
2.0,0.0,1.0,,1.0,2.0,1.0,2.0,2.0,12.0,Moderate
1.0,3.0,0.0,1.0,3.0,3.0,0.0,2.0,0.0,13.0,High
,3.0,3.0,3.0,,3.0,0.0,1.0,1.0,15.0,High
3.0,1.0,1.0,2.0,1.0,2.0,3.0,3.0,3.0,,Low
0.0,3.0,0.0,1.0,1.0,2.0,2.0,3.0,1.0,13.0,High
1.0,0.0,3.0,1.0,1.0,3.0,3.0,1.0,3.0,16.0,High
3.0,0.0,3.0,,1.0,2.0,0.0,0.0,0.0,10.0,Moderate
0.0,0.0,2.0,0.0,0.0,2.0,1.0,3.0,1.0,,Low
1.0,0.0,0.0,1.0,1.0,1.0,0.0,2.0,3.0,9.0,Low
1.0,0.0,1.0,3.0,0.0,2.0,3.0,1.0,0.0,11.0,Moderate
,1.0,1.0,2.0,0.0,0.0,0.0,2.0,2.0,8.0,Low
0.0,0.0,1.0,2.0,1.0,0.0,3.0,0.0,3.0,10.0,Moderate
0.0,1.0,0.0,1.0,0.0,0.0,3.0,1.0,0.0,6.0,Low
1.0,0.0,1.0,1.0,3.0,3.0,3.0,2.0,0.0,14.0,High
1.0,2.0,1.0,1.0,3.0,0.0,3.0,2.0,1.0,14.0,High
3.0,,,2.0,2.0,1.0,0.0,0.0,3.0,14.0,High
2.0,2.0,2.0,2.0,3.0,0.0,3.0,1.0,2.0,17.0,High
0.0,2.0,2.0,0.0,0.0,3.0,3.0,3.0,3.0,16.0,High
1.0,1.0,0.0,3.0,0.0,1.0,2.0,3.0,0.0,11.0,Moderate
1.0,1.0,,0.0,3.0,0.0,3.0,2.0,2.0,12.0,Moderate
0.0,3.0,1.0,3.0,1.0,1.0,0.0,0.0,0.0,9.0,Low
2.0,0.0,2.0,0.0,1.0,1.0,3.0,2.0,1.0,12.0,Moderate
0.0,2.0,3.0,2.0,0.0,3.0,1.0,0.0,3.0,14.0,High
2.0,1.0,3.0,,1.0,3.0,1.0,3.0,0.0,14.0,High
1.0,0.0,1.0,3.0,,1.0,3.0,2.0,0.0,13.0,High
2.0,0.0,,1.0,2.0,0.0,1.0,2.0,3.0,12.0,Moderate
3.0,1.0,2.0,3.0,3.0,3.0,,0.0,2.0,18.0,High
1.0,,2.0,1.0,3.0,1.0,0.0,1.0,0.0,11.0,Moderate
3.0,3.0,2.0,2.0,1.0,2.0,2.0,0.0,3.0,18.0,High
0.0,0.0,0.0,3.0,0.0,2.0,1.0,1.0,1.0,8.0,Low
0.0,3.0,0.0,0.0,3.0,,1.0,,1.0,14.0,High
0.0,2.0,1.0,3.0,2.0,0.0,2.0,2.0,3.0,15.0,High
2.0,2.0,0.0,1.0,3.0,2.0,2.0,2.0,0.0,14.0,High
1.0,3.0,2.0,2.0,3.0,2.0,1.0,0.0,,17.0,High
0.0,2.0,2.0,0.0,2.0,2.0,3.0,0.0,3.0,14.0,High
0.0,0.0,0.0,3.0,0.0,0.0,1.0,3.0,0.0,7.0,Low
1.0,3.0,3.0,1.0,,0.0,3.0,3.0,2.0,19.0,High
0.0,2.0,1.0,0.0,3.0,3.0,3.0,1.0,2.0,15.0,High
3.0,3.0,3.0,2.0,3.0,3.0,3.0,3.0,,24.0,High
1.0,0.0,1.0,0.0,,2.0,2.0,3.0,2.0,12.0,Moderate
1.0,2.0,3.0,2.0,3.0,0.0,1.0,3.0,3.0,18.0,High
1.0,0.0,0.0,0.0,2.0,1.0,,3.0,0.0,8.0,Low
3.0,2.0,,3.0,0.0,2.0,0.0,1.0,1.0,13.0,High
1.0,1.0,1.0,1.0,,3.0,2.0,3.0,2.0,14.0,High
3.0,2.0,,3.0,2.0,0.0,0.0,1.0,3.0,15.0,High
1.0,3.0,2.0,3.0,1.0,3.0,0.0,0.0,,14.0,High
2.0,2.0,2.0,2.0,2.0,3.0,3.0,,,18.0,High
0.0,0.0,3.0,2.0,0.0,0.0,2.0,0.0,2.0,9.0,Low
2.0,0.0,0.0,2.0,2.0,2.0,0.0,3.0,3.0,14.0,High
0.0,2.0,2.0,3.0,1.0,0.0,1.0,2.0,,11.0,Moderate
3.0,3.0,1.0,0.0,0.0,2.0,0.0,3.0,3.0,15.0,High
2.0,1.0,2.0,0.0,1.0,3.0,2.0,3.0,3.0,17.0,High
1.0,3.0,0.0,3.0,2.0,0.0,1.0,0.0,3.0,13.0,High
0.0,1.0,2.0,3.0,3.0,1.0,1.0,,0.0,14.0,High
0.0,0.0,1.0,1.0,2.0,2.0,1.0,0.0,,8.0,Low
2.0,3.0,3.0,2.0,1.0,1.0,3.0,3.0,3.0,21.0,High
3.0,1.0,1.0,2.0,2.0,2.0,1.0,,1.0,14.0,High
2.0,2.0,0.0,3.0,3.0,0.0,3.0,2.0,,16.0,High
3.0,0.0,3.0,3.0,1.0,1.0,3.0,0.0,2.0,16.0,High
3.0,2.0,2.0,0.0,2.0,0.0,0.0,0.0,,11.0,Moderate
0.0,,2.0,3.0,1.0,2.0,0.0,2.0,1.0,11.0,Moderate
2.0,3.0,2.0,0.0,1.0,,1.0,0.0,2.0,13.0,High
2.0,3.0,3.0,3.0,0.0,2.0,2.0,2.0,2.0,19.0,High
3.0,,1.0,1.0,0.0,2.0,1.0,1.0,,10.0,Moderate
2.0,0.0,3.0,1.0,1.0,3.0,0.0,3.0,0.0,13.0,High
,0.0,3.0,0.0,2.0,2.0,1.0,,2.0,12.0,Moderate
1.0,3.0,0.0,,2.0,,0.0,3.0,2.0,14.0,High
,1.0,3.0,1.0,2.0,2.0,1.0,2.0,0.0,14.0,High
2.0,2.0,2.0,0.0,3.0,0.0,2.0,1.0,0.0,,Low
3.0,2.0,1.0,,1.0,3.0,1.0,,0.0,17.0,High
1.0,3.0,1.0,3.0,1.0,,2.0,2.0,1.0,15.0,High
1.0,2.0,1.0,0.0,3.0,3.0,2.0,3.0,0.0,15.0,High
0.0,0.0,2.0,2.0,1.0,3.0,1.0,0.0,1.0,10.0,Moderate
3.0,1.0,2.0,0.0,1.0,3.0,2.0,0.0,3.0,15.0,High
0.0,2.0,2.0,0.0,3.0,0.0,2.0,2.0,3.0,14.0,High
1.0,1.0,2.0,1.0,0.0,3.0,0.0,3.0,0.0,11.0,Moderate
3.0,0.0,2.0,0.0,,3.0,0.0,0.0,0.0,9.0,Low
2.0,2.0,3.0,0.0,3.0,2.0,2.0,1.0,3.0,18.0,High
3.0,3.0,2.0,3.0,2.0,0.0,3.0,3.0,1.0,20.0,High
2.0,1.0,2.0,1.0,0.0,1.0,1.0,3.0,1.0,12.0,Moderate
2.0,0.0,2.0,3.0,2.0,1.0,2.0,0.0,0.0,,Low
3.0,1.0,2.0,3.0,1.0,1.0,1.0,0.0,0.0,12.0,Moderate
2.0,2.0,1.0,2.0,0.0,0.0,0.0,2.0,0.0,9.0,Low
0.0,2.0,,,3.0,1.0,1.0,3.0,3.0,17.0,High
1.0,3.0,3.0,1.0,1.0,0.0,2.0,1.0,2.0,14.0,High
,0.0,3.0,1.0,3.0,2.0,2.0,0.0,0.0,13.0,High
0.0,0.0,3.0,,0.0,2.0,2.0,3.0,1.0,13.0,High
2.0,3.0,0.0,2.0,2.0,0.0,2.0,0.0,2.0,13.0,High
1.0,3.0,1.0,2.0,1.0,1.0,3.0,2.0,1.0,15.0,High
0.0,0.0,2.0,2.0,1.0,0.0,3.0,3.0,2.0,13.0,High
1.0,1.0,0.0,2.0,3.0,0.0,3.0,3.0,,,Low
1.0,1.0,2.0,3.0,0.0,3.0,2.0,2.0,2.0,16.0,High
0.0,3.0,0.0,1.0,3.0,0.0,3.0,1.0,1.0,12.0,Moderate
0.0,1.0,0.0,3.0,0.0,3.0,1.0,0.0,2.0,10.0,Moderate
0.0,0.0,,3.0,1.0,2.0,2.0,2.0,3.0,16.0,High
3.0,2.0,3.0,0.0,0.0,3.0,0.0,3.0,1.0,15.0,High
0.0,2.0,0.0,3.0,1.0,0.0,2.0,2.0,,10.0,Moderate
0.0,1.0,3.0,2.0,0.0,2.0,1.0,3.0,2.0,14.0,High
0.0,3.0,,2.0,2.0,3.0,3.0,2.0,1.0,16.0,High
0.0,3.0,1.0,0.0,0.0,0.0,2.0,1.0,2.0,,Low
2.0,3.0,3.0,0.0,2.0,2.0,3.0,3.0,3.0,21.0,High
3.0,3.0,3.0,0.0,0.0,3.0,2.0,2.0,1.0,17.0,High
1.0,3.0,3.0,0.0,,0.0,,1.0,0.0,9.0,Low
0.0,1.0,1.0,0.0,3.0,0.0,2.0,1.0,0.0,8.0,Low
2.0,2.0,0.0,3.0,3.0,1.0,3.0,0.0,,,Low
2.0,2.0,2.0,0.0,1.0,1.0,3.0,3.0,,17.0,High
2.0,1.0,,3.0,3.0,3.0,1.0,0.0,3.0,19.0,High
1.0,3.0,0.0,1.0,0.0,3.0,2.0,1.0,2.0,13.0,High
0.0,1.0,1.0,0.0,3.0,3.0,0.0,0.0,1.0,9.0,Low
3.0,2.0,2.0,0.0,,0.0,,0.0,1.0,10.0,Moderate
3.0,0.0,3.0,3.0,2.0,3.0,,2.0,2.0,19.0,High
2.0,1.0,1.0,1.0,0.0,0.0,0.0,0.0,,6.0,Low
1.0,3.0,1.0,3.0,1.0,3.0,1.0,1.0,1.0,15.0,High
1.0,2.0,2.0,3.0,2.0,0.0,2.0,0.0,1.0,13.0,High
1.0,2.0,0.0,0.0,1.0,0.0,0.0,3.0,2.0,9.0,Low
3.0,2.0,3.0,2.0,1.0,1.0,1.0,2.0,0.0,15.0,High
2.0,2.0,3.0,2.0,1.0,,3.0,1.0,3.0,19.0,High
0.0,3.0,0.0,3.0,3.0,0.0,0.0,0.0,0.0,9.0,Low
3.0,0.0,0.0,0.0,1.0,3.0,,3.0,1.0,11.0,Moderate
2.0,2.0,0.0,,2.0,1.0,1.0,1.0,2.0,12.0,Moderate
2.0,1.0,2.0,,0.0,3.0,3.0,0.0,3.0,16.0,High
0.0,0.0,2.0,1.0,1.0,3.0,0.0,2.0,1.0,10.0,Moderate
0.0,2.0,3.0,2.0,2.0,0.0,1.0,0.0,3.0,13.0,High
0.0,0.0,2.0,0.0,1.0,0.0,0.0,1.0,3.0,7.0,Low
1.0,1.0,1.0,3.0,0.0,2.0,0.0,1.0,0.0,9.0,Low
,2.0,3.0,1.0,2.0,0.0,0.0,1.0,1.0,,Low
2.0,1.0,2.0,1.0,2.0,0.0,3.0,3.0,,17.0,High
0.0,3.0,0.0,3.0,0.0,2.0,,0.0,0.0,10.0,Moderate
2.0,2.0,1.0,1.0,2.0,3.0,2.0,0.0,,15.0,High
3.0,2.0,0.0,2.0,0.0,2.0,3.0,0.0,3.0,15.0,High
1.0,2.0,3.0,3.0,2.0,,3.0,2.0,1.0,19.0,High
3.0,2.0,,2.0,2.0,2.0,1.0,3.0,2.0,17.0,High
3.0,3.0,2.0,2.0,,1.0,0.0,3.0,3.0,17.0,High
2.0,2.0,2.0,0.0,0.0,3.0,3.0,2.0,3.0,17.0,High
3.0,0.0,3.0,2.0,2.0,1.0,1.0,3.0,1.0,16.0,High
2.0,2.0,0.0,0.0,2.0,1.0,2.0,2.0,3.0,14.0,High
0.0,3.0,3.0,1.0,0.0,0.0,2.0,1.0,1.0,11.0,Moderate
0.0,2.0,0.0,1.0,3.0,2.0,2.0,1.0,,,Low
2.0,0.0,1.0,0.0,0.0,2.0,2.0,3.0,,11.0,Moderate
0.0,3.0,2.0,2.0,2.0,1.0,1.0,1.0,1.0,13.0,High
1.0,3.0,3.0,3.0,2.0,0.0,0.0,1.0,3.0,16.0,High
3.0,0.0,1.0,3.0,2.0,0.0,1.0,1.0,2.0,13.0,High
1.0,0.0,1.0,0.0,,0.0,0.0,0.0,2.0,4.0,Low
3.0,0.0,3.0,1.0,2.0,3.0,2.0,1.0,0.0,15.0,High
0.0,0.0,3.0,1.0,3.0,1.0,3.0,0.0,1.0,12.0,Moderate
1.0,0.0,1.0,3.0,1.0,3.0,3.0,2.0,3.0,,Low
0.0,3.0,0.0,0.0,3.0,0.0,3.0,2.0,3.0,14.0,High
3.0,3.0,1.0,3.0,0.0,,0.0,2.0,0.0,12.0,Moderate
,2.0,,2.0,2.0,0.0,2.0,2.0,2.0,17.0,High
2.0,2.0,1.0,2.0,0.0,2.0,1.0,,3.0,15.0,High
1.0,1.0,0.0,0.0,1.0,1.0,3.0,1.0,0.0,8.0,Low
0.0,2.0,2.0,0.0,0.0,2.0,0.0,1.0,2.0,9.0,Low
0.0,2.0,2.0,2.0,2.0,3.0,3.0,1.0,3.0,18.0,High
1.0,0.0,1.0,1.0,1.0,2.0,1.0,2.0,,10.0,Moderate
2.0,0.0,0.0,0.0,1.0,1.0,2.0,2.0,0.0,8.0,Low
3.0,2.0,2.0,,2.0,2.0,1.0,0.0,3.0,17.0,High
1.0,1.0,,2.0,2.0,0.0,2.0,3.0,0.0,12.0,Moderate
3.0,0.0,1.0,1.0,2.0,3.0,2.0,1.0,0.0,13.0,High
2.0,,0.0,1.0,0.0,3.0,2.0,3.0,0.0,13.0,High
0.0,2.0,3.0,1.0,3.0,0.0,3.0,2.0,1.0,15.0,High
2.0,3.0,1.0,1.0,0.0,0.0,1.0,2.0,2.0,12.0,Moderate
1.0,1.0,3.0,3.0,0.0,0.0,3.0,2.0,2.0,15.0,High
0.0,3.0,3.0,,3.0,1.0,1.0,3.0,3.0,18.0,High
1.0,1.0,2.0,3.0,2.0,,0.0,0.0,1.0,12.0,Moderate
1.0,0.0,3.0,0.0,2.0,3.0,,2.0,2.0,13.0,High
2.0,1.0,,2.0,3.0,2.0,1.0,0.0,3.0,14.0,High
1.0,2.0,2.0,3.0,3.0,0.0,1.0,0.0,3.0,15.0,High
2.0,2.0,2.0,0.0,0.0,0.0,1.0,1.0,,8.0,Low
0.0,1.0,2.0,0.0,1.0,2.0,1.0,3.0,1.0,11.0,Moderate
2.0,1.0,1.0,3.0,3.0,3.0,2.0,2.0,,19.0,High
,1.0,1.0,0.0,0.0,1.0,3.0,0.0,1.0,7.0,Low
2.0,3.0,3.0,0.0,1.0,2.0,2.0,3.0,1.0,17.0,High
3.0,1.0,2.0,3.0,,0.0,3.0,,2.0,19.0,High
3.0,0.0,2.0,0.0,2.0,0.0,3.0,2.0,2.0,14.0,High
1.0,3.0,0.0,1.0,0.0,1.0,3.0,1.0,1.0,11.0,Moderate
2.0,3.0,3.0,1.0,0.0,2.0,2.0,1.0,,17.0,High
,1.0,0.0,2.0,3.0,1.0,1.0,0.0,1.0,11.0,Moderate
0.0,0.0,3.0,,2.0,1.0,2.0,1.0,2.0,11.0,Moderate
1.0,3.0,3.0,,0.0,3.0,2.0,1.0,1.0,16.0,High
2.0,2.0,1.0,1.0,2.0,3.0,3.0,1.0,2.0,17.0,High
1.0,3.0,1.0,1.0,2.0,0.0,0.0,3.0,3.0,14.0,High
3.0,1.0,0.0,1.0,,2.0,0.0,2.0,1.0,13.0,High
2.0,0.0,3.0,0.0,1.0,,2.0,3.0,3.0,17.0,High
2.0,1.0,2.0,,3.0,0.0,3.0,3.0,1.0,15.0,High
1.0,2.0,1.0,1.0,0.0,2.0,2.0,2.0,1.0,12.0,Moderate
2.0,2.0,2.0,2.0,3.0,0.0,2.0,3.0,2.0,18.0,High
1.0,2.0,0.0,2.0,3.0,3.0,1.0,0.0,0.0,12.0,Moderate
2.0,1.0,1.0,3.0,2.0,0.0,3.0,0.0,2.0,14.0,High
0.0,3.0,1.0,1.0,,2.0,0.0,3.0,1.0,14.0,High
1.0,1.0,3.0,2.0,0.0,2.0,0.0,1.0,0.0,,Low
2.0,0.0,0.0,1.0,1.0,0.0,0.0,3.0,0.0,7.0,Low
3.0,3.0,3.0,2.0,3.0,2.0,2.0,1.0,3.0,22.0,High
2.0,2.0,1.0,3.0,3.0,0.0,3.0,3.0,1.0,18.0,High
3.0,1.0,0.0,3.0,1.0,2.0,1.0,0.0,2.0,13.0,High
3.0,2.0,1.0,1.0,0.0,0.0,0.0,,0.0,8.0,Low
0.0,2.0,0.0,2.0,0.0,,3.0,0.0,0.0,7.0,Low
1.0,0.0,1.0,0.0,3.0,0.0,0.0,3.0,2.0,10.0,Moderate
2.0,3.0,2.0,3.0,2.0,1.0,1.0,2.0,2.0,18.0,High
0.0,0.0,2.0,1.0,3.0,2.0,3.0,1.0,0.0,12.0,Moderate
2.0,0.0,,1.0,,3.0,,1.0,2.0,15.0,High
3.0,0.0,2.0,2.0,1.0,0.0,2.0,3.0,3.0,16.0,High
1.0,2.0,1.0,1.0,1.0,1.0,0.0,3.0,0.0,10.0,Moderate
2.0,0.0,1.0,3.0,3.0,3.0,0.0,1.0,3.0,16.0,High
2.0,0.0,2.0,1.0,3.0,0.0,3.0,2.0,1.0,14.0,High
3.0,3.0,3.0,1.0,0.0,3.0,1.0,3.0,3.0,20.0,High
2.0,3.0,2.0,0.0,2.0,,0.0,3.0,2.0,15.0,High
2.0,0.0,0.0,0.0,3.0,3.0,3.0,3.0,,14.0,High
3.0,3.0,0.0,,,0.0,1.0,2.0,3.0,15.0,High
0.0,3.0,0.0,2.0,3.0,3.0,0.0,1.0,2.0,14.0,High
3.0,0.0,2.0,0.0,0.0,3.0,0.0,0.0,2.0,10.0,Moderate
0.0,2.0,2.0,2.0,0.0,0.0,3.0,3.0,3.0,15.0,High
1.0,0.0,2.0,3.0,2.0,1.0,0.0,2.0,0.0,11.0,Moderate
0.0,3.0,0.0,0.0,3.0,1.0,2.0,1.0,3.0,13.0,High
0.0,2.0,,2.0,0.0,3.0,1.0,1.0,1.0,13.0,High
1.0,1.0,1.0,0.0,1.0,2.0,1.0,2.0,3.0,12.0,Moderate
0.0,2.0,2.0,,1.0,3.0,2.0,3.0,3.0,19.0,High
3.0,3.0,3.0,3.0,1.0,2.0,3.0,0.0,0.0,18.0,High
,2.0,1.0,0.0,2.0,3.0,2.0,3.0,3.0,16.0,High
1.0,0.0,1.0,2.0,0.0,1.0,2.0,1.0,2.0,10.0,Moderate
3.0,1.0,1.0,1.0,2.0,3.0,1.0,0.0,0.0,12.0,Moderate
1.0,1.0,3.0,1.0,3.0,3.0,3.0,3.0,2.0,20.0,High
1.0,1.0,3.0,0.0,3.0,2.0,0.0,0.0,0.0,10.0,Moderate
2.0,3.0,0.0,2.0,0.0,1.0,,2.0,1.0,13.0,High
2.0,3.0,3.0,1.0,1.0,2.0,2.0,3.0,1.0,18.0,High
1.0,1.0,3.0,3.0,0.0,3.0,3.0,1.0,1.0,16.0,High
1.0,,3.0,2.0,0.0,0.0,2.0,1.0,3.0,14.0,High
1.0,1.0,1.0,1.0,0.0,3.0,3.0,0.0,1.0,11.0,Moderate
2.0,2.0,2.0,2.0,2.0,3.0,0.0,2.0,0.0,15.0,High
2.0,2.0,0.0,0.0,3.0,2.0,3.0,3.0,1.0,16.0,High
0.0,3.0,2.0,2.0,,0.0,0.0,2.0,0.0,9.0,Low
0.0,2.0,2.0,1.0,0.0,0.0,3.0,2.0,2.0,12.0,Moderate
1.0,1.0,3.0,0.0,0.0,2.0,2.0,0.0,3.0,12.0,Moderate
3.0,3.0,,2.0,2.0,1.0,0.0,0.0,2.0,13.0,High
3.0,0.0,2.0,3.0,2.0,0.0,2.0,3.0,2.0,17.0,High
2.0,0.0,2.0,1.0,2.0,0.0,0.0,1.0,1.0,9.0,Low
2.0,3.0,0.0,0.0,0.0,2.0,3.0,3.0,1.0,14.0,High
2.0,1.0,3.0,2.0,1.0,1.0,3.0,2.0,1.0,16.0,High
1.0,0.0,2.0,3.0,1.0,1.0,3.0,0.0,2.0,13.0,High
3.0,0.0,1.0,1.0,1.0,3.0,1.0,2.0,3.0,15.0,High
0.0,2.0,2.0,3.0,3.0,3.0,1.0,0.0,3.0,17.0,High
1.0,2.0,1.0,2.0,0.0,2.0,0.0,1.0,2.0,11.0,Moderate
0.0,1.0,3.0,2.0,1.0,1.0,1.0,2.0,3.0,14.0,High
0.0,3.0,2.0,0.0,1.0,2.0,3.0,0.0,2.0,13.0,High
1.0,1.0,0.0,3.0,1.0,3.0,1.0,3.0,2.0,15.0,High
0.0,3.0,0.0,0.0,0.0,2.0,1.0,3.0,3.0,,Low
3.0,0.0,,,1.0,2.0,2.0,3.0,0.0,14.0,High
0.0,2.0,,0.0,,,0.0,2.0,0.0,8.0,Low
3.0,1.0,3.0,1.0,0.0,0.0,0.0,0.0,1.0,9.0,Low
3.0,1.0,0.0,2.0,3.0,0.0,0.0,0.0,3.0,12.0,Moderate
3.0,3.0,2.0,2.0,2.0,3.0,1.0,0.0,1.0,17.0,High
2.0,3.0,3.0,3.0,1.0,2.0,,2.0,2.0,21.0,High
0.0,1.0,0.0,1.0,2.0,0.0,2.0,0.0,0.0,6.0,Low
1.0,3.0,1.0,2.0,3.0,0.0,0.0,1.0,3.0,14.0,High
1.0,1.0,2.0,3.0,3.0,0.0,1.0,2.0,3.0,16.0,High
0.0,1.0,1.0,3.0,1.0,3.0,,1.0,3.0,,Low
2.0,1.0,1.0,0.0,0.0,3.0,,1.0,0.0,10.0,Moderate
2.0,0.0,3.0,3.0,,2.0,2.0,3.0,1.0,19.0,High
3.0,3.0,3.0,,2.0,2.0,0.0,2.0,0.0,17.0,High
0.0,2.0,3.0,0.0,2.0,2.0,,0.0,1.0,10.0,Moderate
0.0,2.0,2.0,1.0,2.0,0.0,3.0,1.0,2.0,,Low
1.0,3.0,1.0,1.0,2.0,1.0,1.0,2.0,2.0,14.0,High
0.0,1.0,2.0,2.0,3.0,3.0,3.0,0.0,1.0,15.0,High
2.0,2.0,3.0,2.0,1.0,0.0,0.0,3.0,2.0,15.0,High
,2.0,1.0,0.0,1.0,0.0,3.0,2.0,2.0,11.0,Moderate
1.0,3.0,,0.0,,2.0,1.0,2.0,3.0,16.0,High
3.0,2.0,2.0,2.0,1.0,2.0,2.0,2.0,3.0,19.0,High
1.0,1.0,0.0,2.0,2.0,0.0,2.0,0.0,0.0,8.0,Low
1.0,3.0,2.0,1.0,2.0,3.0,2.0,1.0,0.0,15.0,High
3.0,1.0,3.0,,0.0,3.0,2.0,1.0,0.0,14.0,High
1.0,2.0,2.0,1.0,3.0,,0.0,2.0,,14.0,High
1.0,2.0,1.0,2.0,3.0,1.0,0.0,2.0,0.0,12.0,Moderate
0.0,1.0,2.0,3.0,2.0,1.0,1.0,,0.0,10.0,Moderate
0.0,0.0,0.0,2.0,3.0,3.0,1.0,3.0,3.0,15.0,High
3.0,2.0,1.0,2.0,1.0,2.0,1.0,,1.0,15.0,High
0.0,0.0,1.0,1.0,2.0,1.0,1.0,2.0,3.0,11.0,Moderate
0.0,2.0,,2.0,0.0,1.0,3.0,3.0,1.0,12.0,Moderate
1.0,0.0,3.0,0.0,1.0,2.0,1.0,2.0,3.0,13.0,High
2.0,0.0,1.0,2.0,0.0,1.0,2.0,,0.0,9.0,Low
,0.0,3.0,2.0,0.0,0.0,2.0,2.0,2.0,11.0,Moderate
2.0,1.0,1.0,2.0,3.0,1.0,2.0,1.0,2.0,15.0,High
0.0,0.0,1.0,2.0,3.0,2.0,3.0,0.0,1.0,12.0,Moderate
0.0,0.0,3.0,3.0,2.0,0.0,1.0,0.0,1.0,10.0,Moderate
3.0,0.0,1.0,2.0,3.0,1.0,2.0,1.0,1.0,,Low
3.0,2.0,3.0,0.0,0.0,3.0,2.0,1.0,2.0,16.0,High
3.0,0.0,0.0,0.0,0.0,0.0,2.0,3.0,1.0,9.0,Low
2.0,2.0,,2.0,1.0,0.0,2.0,1.0,3.0,16.0,High
1.0,0.0,0.0,1.0,0.0,3.0,0.0,1.0,3.0,,Low
0.0,0.0,1.0,3.0,2.0,3.0,1.0,,2.0,14.0,High
0.0,1.0,3.0,2.0,2.0,1.0,1.0,3.0,3.0,16.0,High
0.0,2.0,1.0,2.0,3.0,1.0,3.0,1.0,1.0,14.0,High
2.0,0.0,3.0,2.0,3.0,2.0,0.0,1.0,2.0,15.0,High
3.0,2.0,0.0,1.0,3.0,2.0,3.0,1.0,1.0,16.0,High
1.0,2.0,0.0,1.0,2.0,0.0,2.0,2.0,3.0,13.0,High
2.0,3.0,3.0,1.0,0.0,3.0,3.0,2.0,1.0,18.0,High
3.0,1.0,0.0,3.0,3.0,3.0,2.0,2.0,2.0,19.0,High
,1.0,1.0,0.0,1.0,2.0,2.0,0.0,1.0,10.0,Moderate
1.0,1.0,1.0,3.0,3.0,0.0,1.0,2.0,3.0,15.0,High
3.0,3.0,2.0,1.0,2.0,0.0,1.0,1.0,0.0,13.0,High
2.0,3.0,0.0,,3.0,2.0,1.0,2.0,2.0,15.0,High
1.0,1.0,1.0,0.0,0.0,2.0,1.0,2.0,1.0,9.0,Low
0.0,3.0,3.0,1.0,3.0,,1.0,3.0,2.0,18.0,High
1.0,3.0,0.0,1.0,2.0,1.0,0.0,1.0,1.0,10.0,Moderate
0.0,3.0,1.0,3.0,2.0,0.0,1.0,2.0,0.0,12.0,Moderate
2.0,1.0,0.0,1.0,1.0,0.0,3.0,0.0,3.0,11.0,Moderate
3.0,1.0,3.0,0.0,2.0,0.0,2.0,,1.0,15.0,High
3.0,1.0,1.0,2.0,1.0,2.0,1.0,2.0,1.0,14.0,High
2.0,3.0,2.0,1.0,0.0,2.0,,3.0,0.0,13.0,High
3.0,1.0,2.0,1.0,2.0,2.0,3.0,3.0,2.0,19.0,High
3.0,3.0,0.0,3.0,3.0,2.0,3.0,0.0,,20.0,High
,0.0,3.0,3.0,0.0,3.0,2.0,0.0,1.0,12.0,Moderate
,3.0,1.0,1.0,3.0,2.0,3.0,0.0,1.0,16.0,High
1.0,2.0,,0.0,3.0,1.0,3.0,1.0,3.0,17.0,High
0.0,1.0,1.0,0.0,3.0,3.0,3.0,3.0,0.0,14.0,High
2.0,1.0,0.0,2.0,,3.0,3.0,2.0,2.0,15.0,High
0.0,2.0,1.0,1.0,0.0,2.0,0.0,0.0,3.0,9.0,Low
1.0,3.0,3.0,3.0,2.0,0.0,2.0,0.0,,16.0,High
1.0,0.0,3.0,0.0,3.0,,1.0,3.0,0.0,13.0,High
2.0,2.0,0.0,2.0,1.0,0.0,3.0,3.0,0.0,13.0,High
1.0,2.0,3.0,1.0,2.0,2.0,0.0,3.0,3.0,17.0,High
0.0,3.0,1.0,0.0,0.0,2.0,2.0,2.0,1.0,11.0,Moderate
1.0,1.0,0.0,1.0,1.0,0.0,1.0,1.0,0.0,6.0,Low
0.0,3.0,1.0,1.0,0.0,0.0,2.0,1.0,0.0,8.0,Low
0.0,2.0,3.0,0.0,1.0,0.0,0.0,0.0,3.0,9.0,Low
1.0,2.0,0.0,0.0,2.0,0.0,0.0,1.0,3.0,9.0,Low
2.0,1.0,1.0,0.0,1.0,1.0,0.0,,3.0,11.0,Moderate
3.0,1.0,3.0,1.0,2.0,0.0,3.0,1.0,0.0,14.0,High
1.0,1.0,3.0,1.0,,2.0,0.0,2.0,2.0,12.0,Moderate
0.0,3.0,2.0,2.0,1.0,2.0,1.0,0.0,0.0,11.0,Moderate
0.0,1.0,3.0,3.0,3.0,1.0,3.0,3.0,3.0,20.0,High
1.0,2.0,1.0,1.0,3.0,0.0,,2.0,1.0,13.0,High
2.0,2.0,0.0,3.0,0.0,2.0,1.0,3.0,1.0,14.0,High
,0.0,2.0,0.0,1.0,1.0,3.0,0.0,3.0,12.0,Moderate
0.0,,3.0,1.0,3.0,2.0,0.0,2.0,1.0,15.0,High
0.0,0.0,3.0,2.0,2.0,1.0,2.0,2.0,0.0,12.0,Moderate
2.0,2.0,3.0,2.0,1.0,1.0,0.0,1.0,2.0,14.0,High
,0.0,1.0,3.0,1.0,3.0,1.0,2.0,0.0,14.0,High
1.0,2.0,2.0,0.0,3.0,3.0,1.0,0.0,3.0,15.0,High
0.0,0.0,1.0,3.0,,0.0,3.0,3.0,0.0,12.0,Moderate
0.0,1.0,2.0,0.0,2.0,3.0,1.0,2.0,1.0,12.0,Moderate
2.0,0.0,0.0,2.0,2.0,1.0,2.0,0.0,0.0,9.0,Low
1.0,1.0,1.0,3.0,1.0,2.0,3.0,0.0,2.0,14.0,High
2.0,1.0,,2.0,0.0,2.0,2.0,2.0,1.0,13.0,High
,3.0,0.0,2.0,1.0,0.0,0.0,1.0,2.0,10.0,Moderate
1.0,1.0,2.0,,1.0,3.0,2.0,2.0,2.0,14.0,High
,1.0,3.0,3.0,3.0,0.0,2.0,2.0,2.0,17.0,High
0.0,,0.0,3.0,,1.0,1.0,1.0,0.0,6.0,Low
3.0,2.0,3.0,2.0,2.0,3.0,0.0,0.0,0.0,15.0,High
2.0,3.0,3.0,,3.0,0.0,1.0,2.0,0.0,16.0,High
3.0,1.0,0.0,0.0,1.0,2.0,0.0,1.0,,8.0,Low
2.0,3.0,2.0,1.0,0.0,2.0,0.0,3.0,1.0,14.0,High
1.0,0.0,3.0,1.0,2.0,0.0,2.0,3.0,0.0,12.0,Moderate
0.0,1.0,0.0,2.0,2.0,0.0,1.0,1.0,1.0,8.0,Low
3.0,,1.0,1.0,1.0,0.0,2.0,0.0,2.0,10.0,Moderate
0.0,3.0,1.0,,2.0,1.0,2.0,1.0,1.0,12.0,Moderate
2.0,,1.0,1.0,2.0,1.0,,0.0,3.0,12.0,Moderate
0.0,3.0,0.0,1.0,,2.0,0.0,3.0,0.0,,Low
0.0,0.0,1.0,2.0,,,1.0,2.0,3.0,13.0,High
3.0,3.0,,1.0,0.0,1.0,,1.0,1.0,14.0,High
1.0,2.0,1.0,1.0,3.0,3.0,2.0,3.0,0.0,16.0,High
0.0,0.0,1.0,,3.0,1.0,0.0,2.0,3.0,10.0,Moderate
1.0,0.0,3.0,2.0,3.0,3.0,1.0,3.0,0.0,16.0,High
2.0,2.0,1.0,3.0,2.0,1.0,3.0,1.0,1.0,16.0,High
0.0,2.0,3.0,3.0,0.0,2.0,1.0,1.0,3.0,15.0,High
3.0,0.0,1.0,0.0,2.0,0.0,2.0,2.0,1.0,11.0,Moderate
2.0,2.0,3.0,0.0,1.0,2.0,3.0,1.0,3.0,17.0,High
2.0,1.0,1.0,2.0,0.0,1.0,,3.0,2.0,12.0,Moderate
3.0,3.0,3.0,3.0,3.0,0.0,,2.0,2.0,22.0,High
0.0,3.0,0.0,1.0,2.0,0.0,3.0,2.0,2.0,13.0,High
0.0,3.0,,0.0,2.0,0.0,2.0,3.0,2.0,15.0,High
2.0,1.0,1.0,3.0,0.0,3.0,1.0,0.0,,13.0,High
0.0,2.0,1.0,2.0,0.0,2.0,0.0,,1.0,10.0,Moderate
1.0,2.0,2.0,1.0,3.0,3.0,3.0,0.0,2.0,17.0,High
3.0,,3.0,2.0,3.0,0.0,2.0,3.0,1.0,17.0,High
1.0,2.0,0.0,0.0,1.0,2.0,1.0,3.0,,12.0,Moderate
0.0,,3.0,,3.0,2.0,3.0,2.0,0.0,16.0,High
2.0,1.0,3.0,3.0,2.0,1.0,2.0,1.0,2.0,17.0,High
3.0,3.0,0.0,3.0,1.0,3.0,2.0,2.0,0.0,17.0,High
,3.0,3.0,3.0,1.0,3.0,2.0,1.0,1.0,17.0,High
0.0,3.0,,1.0,1.0,,0.0,0.0,2.0,8.0,Low
2.0,2.0,0.0,1.0,0.0,3.0,1.0,1.0,3.0,13.0,High
2.0,0.0,3.0,2.0,3.0,0.0,3.0,2.0,1.0,16.0,High
1.0,0.0,3.0,1.0,1.0,0.0,1.0,1.0,2.0,10.0,Moderate
3.0,1.0,1.0,0.0,0.0,3.0,1.0,3.0,1.0,13.0,High
3.0,2.0,,0.0,,1.0,3.0,0.0,3.0,13.0,High
2.0,1.0,2.0,3.0,1.0,2.0,1.0,3.0,2.0,17.0,High
1.0,0.0,2.0,0.0,,3.0,0.0,3.0,3.0,13.0,High
3.0,0.0,3.0,2.0,2.0,2.0,3.0,3.0,2.0,20.0,High
,3.0,0.0,1.0,1.0,1.0,3.0,3.0,0.0,14.0,High
0.0,,2.0,1.0,2.0,2.0,2.0,1.0,,13.0,High
3.0,0.0,3.0,1.0,1.0,,1.0,3.0,3.0,16.0,High
1.0,3.0,2.0,0.0,1.0,1.0,3.0,1.0,1.0,13.0,High
1.0,2.0,0.0,1.0,3.0,,3.0,3.0,3.0,16.0,High
1.0,1.0,3.0,3.0,1.0,0.0,,2.0,1.0,12.0,Moderate
0.0,2.0,0.0,3.0,1.0,1.0,2.0,3.0,1.0,13.0,High
3.0,2.0,3.0,3.0,2.0,3.0,3.0,2.0,1.0,22.0,High
3.0,0.0,2.0,0.0,2.0,0.0,0.0,1.0,0.0,8.0,Low
0.0,0.0,1.0,1.0,,1.0,3.0,0.0,2.0,11.0,Moderate
3.0,2.0,2.0,0.0,1.0,2.0,3.0,1.0,0.0,14.0,High
0.0,0.0,2.0,1.0,1.0,2.0,3.0,0.0,1.0,10.0,Moderate
0.0,0.0,1.0,,2.0,3.0,0.0,0.0,3.0,11.0,Moderate
0.0,0.0,1.0,2.0,0.0,2.0,1.0,3.0,1.0,10.0,Moderate
1.0,3.0,3.0,0.0,0.0,2.0,3.0,0.0,2.0,14.0,High
3.0,3.0,,,0.0,1.0,3.0,1.0,0.0,17.0,High
0.0,2.0,0.0,0.0,2.0,2.0,1.0,3.0,2.0,12.0,Moderate
3.0,0.0,0.0,3.0,2.0,2.0,3.0,0.0,3.0,16.0,High
1.0,3.0,2.0,1.0,0.0,2.0,2.0,1.0,2.0,14.0,High
,2.0,1.0,3.0,0.0,2.0,3.0,0.0,0.0,11.0,Moderate
2.0,0.0,,3.0,1.0,1.0,2.0,0.0,3.0,12.0,Moderate
1.0,1.0,2.0,1.0,2.0,2.0,1.0,3.0,2.0,15.0,High
2.0,0.0,1.0,2.0,2.0,3.0,0.0,3.0,0.0,13.0,High
3.0,0.0,3.0,1.0,0.0,0.0,1.0,1.0,0.0,9.0,Low
3.0,3.0,2.0,0.0,0.0,,3.0,3.0,1.0,18.0,High
1.0,2.0,3.0,0.0,3.0,0.0,,3.0,2.0,16.0,High
3.0,2.0,0.0,0.0,2.0,3.0,0.0,2.0,3.0,15.0,High
2.0,3.0,0.0,0.0,3.0,0.0,3.0,2.0,1.0,14.0,High
0.0,0.0,1.0,0.0,1.0,0.0,0.0,1.0,2.0,5.0,Low
0.0,1.0,2.0,2.0,3.0,0.0,0.0,3.0,2.0,13.0,High
0.0,0.0,3.0,2.0,0.0,0.0,3.0,1.0,3.0,12.0,Moderate
1.0,0.0,1.0,3.0,2.0,1.0,1.0,2.0,1.0,12.0,Moderate
3.0,1.0,0.0,0.0,2.0,3.0,3.0,2.0,1.0,15.0,High
2.0,3.0,0.0,1.0,3.0,0.0,3.0,2.0,,17.0,High
3.0,2.0,2.0,0.0,3.0,3.0,1.0,1.0,1.0,16.0,High
3.0,3.0,3.0,2.0,1.0,2.0,,3.0,0.0,19.0,High
3.0,3.0,2.0,0.0,1.0,0.0,3.0,0.0,3.0,15.0,High
0.0,0.0,,2.0,0.0,3.0,0.0,3.0,2.0,13.0,High
2.0,2.0,3.0,3.0,0.0,1.0,3.0,1.0,3.0,18.0,High
2.0,2.0,2.0,3.0,0.0,3.0,3.0,,0.0,17.0,High
3.0,3.0,1.0,3.0,3.0,0.0,0.0,,3.0,16.0,High
0.0,1.0,2.0,2.0,3.0,2.0,1.0,1.0,2.0,14.0,High
0.0,3.0,2.0,0.0,2.0,,2.0,2.0,2.0,16.0,High
2.0,1.0,0.0,0.0,0.0,2.0,2.0,1.0,3.0,11.0,Moderate
0.0,2.0,0.0,1.0,3.0,1.0,0.0,0.0,3.0,,Low
0.0,3.0,2.0,2.0,2.0,3.0,1.0,2.0,0.0,15.0,High
0.0,0.0,2.0,1.0,0.0,3.0,3.0,3.0,0.0,12.0,Moderate
1.0,3.0,,3.0,1.0,1.0,3.0,1.0,2.0,15.0,High
3.0,2.0,3.0,0.0,1.0,,3.0,0.0,1.0,14.0,High
2.0,0.0,2.0,2.0,3.0,1.0,3.0,3.0,1.0,17.0,High
2.0,0.0,1.0,1.0,,0.0,3.0,0.0,1.0,10.0,Moderate
1.0,1.0,,1.0,1.0,0.0,0.0,1.0,1.0,7.0,Low
3.0,0.0,1.0,1.0,2.0,3.0,3.0,0.0,2.0,15.0,High
2.0,0.0,2.0,0.0,2.0,3.0,3.0,2.0,1.0,15.0,High
0.0,3.0,,0.0,1.0,3.0,1.0,0.0,1.0,12.0,Moderate
2.0,2.0,3.0,0.0,2.0,2.0,3.0,1.0,3.0,18.0,High
0.0,1.0,0.0,2.0,1.0,1.0,2.0,2.0,1.0,10.0,Moderate
1.0,3.0,2.0,0.0,3.0,3.0,0.0,0.0,3.0,15.0,High
0.0,0.0,3.0,2.0,0.0,1.0,0.0,0.0,2.0,8.0,Low
2.0,0.0,2.0,1.0,0.0,0.0,0.0,,3.0,10.0,Moderate
2.0,1.0,0.0,1.0,3.0,1.0,2.0,3.0,0.0,13.0,High
2.0,2.0,,3.0,1.0,2.0,3.0,,3.0,19.0,High
1.0,1.0,0.0,0.0,1.0,2.0,0.0,2.0,1.0,8.0,Low
1.0,3.0,1.0,1.0,1.0,1.0,2.0,0.0,3.0,13.0,High
3.0,1.0,2.0,0.0,1.0,2.0,1.0,3.0,3.0,16.0,High
2.0,0.0,0.0,2.0,3.0,2.0,3.0,2.0,,16.0,High
0.0,3.0,2.0,1.0,0.0,0.0,2.0,1.0,2.0,11.0,Moderate
1.0,0.0,1.0,0.0,2.0,3.0,3.0,0.0,1.0,11.0,Moderate
2.0,2.0,1.0,1.0,2.0,2.0,1.0,1.0,,12.0,Moderate
2.0,0.0,0.0,1.0,0.0,3.0,2.0,0.0,0.0,8.0,Low
1.0,0.0,0.0,0.0,3.0,1.0,3.0,3.0,3.0,14.0,High
3.0,1.0,3.0,,2.0,1.0,2.0,1.0,0.0,14.0,High
1.0,0.0,2.0,1.0,0.0,2.0,0.0,1.0,2.0,9.0,Low
1.0,3.0,0.0,1.0,3.0,1.0,3.0,2.0,1.0,15.0,High
0.0,3.0,3.0,1.0,2.0,0.0,2.0,3.0,1.0,15.0,High
0.0,2.0,2.0,2.0,1.0,2.0,0.0,3.0,2.0,14.0,High
3.0,3.0,0.0,1.0,1.0,2.0,,0.0,1.0,12.0,Moderate
2.0,,3.0,3.0,,2.0,,2.0,3.0,22.0,High
1.0,2.0,3.0,1.0,1.0,1.0,3.0,2.0,1.0,15.0,High
3.0,3.0,2.0,0.0,3.0,1.0,1.0,0.0,0.0,13.0,High
0.0,1.0,3.0,3.0,0.0,2.0,0.0,1.0,1.0,11.0,Moderate
1.0,3.0,2.0,2.0,0.0,3.0,1.0,0.0,1.0,13.0,High
2.0,3.0,2.0,3.0,2.0,1.0,,0.0,2.0,18.0,High
0.0,0.0,2.0,3.0,3.0,1.0,2.0,0.0,2.0,13.0,High
0.0,3.0,1.0,3.0,2.0,2.0,0.0,2.0,0.0,13.0,High
,3.0,3.0,,2.0,3.0,0.0,,,13.0,High
3.0,1.0,2.0,0.0,0.0,2.0,0.0,0.0,0.0,8.0,Low
2.0,1.0,0.0,0.0,,1.0,1.0,0.0,3.0,10.0,Moderate
1.0,0.0,1.0,,1.0,2.0,1.0,,0.0,11.0,Moderate
3.0,3.0,1.0,,2.0,2.0,2.0,1.0,1.0,15.0,High
3.0,0.0,3.0,0.0,3.0,2.0,2.0,1.0,0.0,14.0,High
3.0,3.0,,3.0,1.0,3.0,0.0,1.0,3.0,19.0,High
0.0,2.0,,0.0,0.0,,2.0,1.0,1.0,11.0,Moderate
2.0,2.0,1.0,1.0,3.0,1.0,1.0,2.0,0.0,13.0,High
3.0,0.0,2.0,0.0,1.0,,2.0,2.0,2.0,14.0,High
1.0,0.0,0.0,2.0,3.0,3.0,1.0,0.0,2.0,12.0,Moderate
2.0,0.0,2.0,2.0,1.0,0.0,2.0,2.0,2.0,13.0,High
1.0,1.0,1.0,1.0,3.0,3.0,3.0,1.0,0.0,14.0,High
2.0,1.0,0.0,2.0,3.0,2.0,1.0,3.0,0.0,14.0,High
,1.0,2.0,2.0,1.0,0.0,3.0,0.0,3.0,13.0,High
0.0,0.0,0.0,3.0,0.0,2.0,1.0,0.0,1.0,7.0,Low
3.0,3.0,0.0,1.0,0.0,3.0,2.0,1.0,1.0,14.0,High
1.0,2.0,1.0,3.0,3.0,0.0,3.0,1.0,1.0,15.0,High
2.0,0.0,0.0,3.0,3.0,0.0,2.0,1.0,1.0,12.0,Moderate
3.0,1.0,3.0,0.0,0.0,2.0,1.0,,0.0,12.0,Moderate
3.0,1.0,1.0,1.0,0.0,,3.0,0.0,0.0,11.0,Moderate
2.0,0.0,3.0,0.0,,3.0,0.0,1.0,3.0,14.0,High
1.0,0.0,0.0,0.0,0.0,2.0,,3.0,1.0,9.0,Low
0.0,1.0,3.0,3.0,3.0,0.0,1.0,0.0,0.0,11.0,Moderate
0.0,3.0,2.0,2.0,1.0,1.0,3.0,0.0,0.0,12.0,Moderate
1.0,1.0,0.0,1.0,0.0,1.0,2.0,2.0,0.0,8.0,Low
3.0,,2.0,2.0,2.0,3.0,3.0,0.0,0.0,16.0,High
,0.0,3.0,3.0,2.0,2.0,2.0,1.0,1.0,17.0,High
3.0,3.0,2.0,3.0,2.0,3.0,2.0,1.0,1.0,20.0,High
3.0,1.0,0.0,3.0,1.0,1.0,2.0,3.0,0.0,14.0,High
1.0,1.0,2.0,3.0,0.0,1.0,3.0,,2.0,13.0,High
3.0,2.0,3.0,3.0,0.0,2.0,3.0,0.0,3.0,19.0,High
2.0,0.0,3.0,3.0,0.0,0.0,2.0,2.0,,13.0,High
,2.0,3.0,2.0,1.0,2.0,,1.0,1.0,15.0,High
0.0,2.0,0.0,0.0,1.0,1.0,0.0,3.0,2.0,9.0,Low
3.0,1.0,3.0,,3.0,0.0,0.0,1.0,1.0,,Low
,,0.0,1.0,2.0,3.0,1.0,,2.0,10.0,Moderate
0.0,3.0,2.0,2.0,2.0,1.0,,0.0,2.0,12.0,Moderate
1.0,1.0,3.0,3.0,0.0,3.0,3.0,3.0,0.0,17.0,High
1.0,3.0,2.0,2.0,1.0,0.0,0.0,0.0,1.0,10.0,Moderate
0.0,3.0,1.0,0.0,1.0,3.0,3.0,3.0,3.0,17.0,High
1.0,0.0,2.0,1.0,0.0,1.0,1.0,3.0,2.0,11.0,Moderate
1.0,2.0,1.0,2.0,0.0,2.0,3.0,1.0,3.0,15.0,High
3.0,0.0,2.0,,3.0,3.0,3.0,3.0,0.0,17.0,High
2.0,3.0,0.0,2.0,2.0,1.0,3.0,0.0,1.0,14.0,High
1.0,1.0,2.0,1.0,2.0,1.0,0.0,2.0,0.0,10.0,Moderate
,3.0,0.0,2.0,2.0,0.0,2.0,2.0,0.0,12.0,Moderate
1.0,1.0,0.0,3.0,3.0,1.0,3.0,,,15.0,High
3.0,1.0,3.0,2.0,0.0,2.0,0.0,2.0,3.0,16.0,High
2.0,0.0,0.0,0.0,0.0,2.0,0.0,2.0,2.0,8.0,Low
0.0,3.0,1.0,2.0,2.0,3.0,0.0,3.0,1.0,15.0,High
3.0,2.0,3.0,0.0,2.0,3.0,2.0,2.0,0.0,17.0,High
3.0,3.0,3.0,1.0,3.0,3.0,2.0,2.0,2.0,22.0,High
2.0,3.0,,2.0,1.0,,2.0,2.0,2.0,19.0,High
,2.0,0.0,1.0,1.0,2.0,2.0,1.0,0.0,11.0,Moderate
3.0,0.0,0.0,,2.0,0.0,1.0,0.0,0.0,7.0,Low
0.0,3.0,1.0,2.0,3.0,3.0,,3.0,2.0,19.0,High
3.0,3.0,2.0,0.0,2.0,0.0,2.0,2.0,0.0,14.0,High
2.0,1.0,2.0,1.0,1.0,1.0,2.0,0.0,0.0,10.0,Moderate
0.0,3.0,3.0,1.0,2.0,1.0,3.0,2.0,3.0,18.0,High
2.0,,3.0,2.0,1.0,3.0,3.0,1.0,1.0,18.0,High
0.0,1.0,3.0,2.0,1.0,1.0,2.0,1.0,2.0,13.0,High
1.0,0.0,1.0,2.0,1.0,0.0,1.0,2.0,0.0,8.0,Low
2.0,1.0,1.0,2.0,0.0,0.0,3.0,2.0,2.0,13.0,High
2.0,2.0,3.0,2.0,0.0,1.0,0.0,2.0,1.0,13.0,High
3.0,2.0,2.0,3.0,2.0,3.0,3.0,1.0,,21.0,High
2.0,1.0,1.0,2.0,1.0,0.0,0.0,1.0,2.0,10.0,Moderate
2.0,0.0,2.0,0.0,0.0,0.0,3.0,0.0,2.0,9.0,Low
1.0,1.0,2.0,1.0,2.0,2.0,,3.0,3.0,17.0,High
2.0,0.0,0.0,0.0,2.0,3.0,3.0,3.0,1.0,14.0,High
1.0,1.0,3.0,0.0,2.0,2.0,2.0,1.0,1.0,13.0,High
1.0,2.0,0.0,3.0,2.0,1.0,2.0,3.0,,16.0,High
1.0,3.0,3.0,2.0,2.0,1.0,3.0,2.0,2.0,19.0,High
1.0,3.0,3.0,1.0,3.0,2.0,0.0,0.0,1.0,14.0,High
0.0,0.0,2.0,0.0,1.0,3.0,0.0,,0.0,7.0,Low
3.0,0.0,3.0,2.0,2.0,0.0,3.0,1.0,3.0,,Low
0.0,0.0,2.0,2.0,3.0,1.0,2.0,3.0,1.0,14.0,High
2.0,2.0,2.0,3.0,1.0,3.0,0.0,2.0,2.0,17.0,High
0.0,1.0,3.0,3.0,0.0,3.0,1.0,0.0,0.0,11.0,Moderate
0.0,,2.0,3.0,2.0,1.0,2.0,3.0,,15.0,High
,3.0,2.0,,3.0,1.0,3.0,1.0,0.0,,Low
2.0,0.0,2.0,0.0,0.0,3.0,2.0,1.0,3.0,13.0,High
2.0,1.0,,3.0,3.0,0.0,1.0,3.0,3.0,17.0,High
0.0,3.0,2.0,3.0,1.0,2.0,1.0,2.0,1.0,15.0,High
0.0,,1.0,3.0,1.0,1.0,0.0,0.0,1.0,10.0,Moderate
2.0,3.0,1.0,0.0,0.0,2.0,1.0,,1.0,10.0,Moderate
,2.0,2.0,0.0,3.0,3.0,2.0,0.0,1.0,16.0,High
3.0,0.0,2.0,3.0,2.0,2.0,0.0,0.0,2.0,14.0,High
1.0,3.0,,3.0,2.0,0.0,1.0,2.0,3.0,16.0,High
,0.0,1.0,2.0,0.0,,0.0,1.0,0.0,9.0,Low
1.0,2.0,2.0,3.0,0.0,0.0,0.0,1.0,2.0,11.0,Moderate
,3.0,2.0,1.0,0.0,3.0,3.0,0.0,1.0,16.0,High
1.0,2.0,3.0,1.0,3.0,,0.0,0.0,1.0,,Low
2.0,2.0,1.0,3.0,2.0,3.0,0.0,0.0,2.0,15.0,High
2.0,,1.0,0.0,2.0,0.0,1.0,3.0,0.0,9.0,Low
2.0,3.0,3.0,2.0,2.0,3.0,2.0,3.0,3.0,23.0,High
0.0,2.0,1.0,0.0,0.0,0.0,2.0,1.0,3.0,9.0,Low
1.0,3.0,0.0,3.0,2.0,3.0,1.0,1.0,0.0,14.0,High
3.0,0.0,1.0,1.0,1.0,0.0,2.0,0.0,3.0,11.0,Moderate
3.0,2.0,3.0,2.0,0.0,1.0,0.0,3.0,1.0,15.0,High
3.0,0.0,0.0,0.0,,2.0,3.0,,1.0,13.0,High
0.0,3.0,,0.0,3.0,3.0,0.0,3.0,1.0,15.0,High
0.0,3.0,3.0,,0.0,0.0,0.0,1.0,1.0,11.0,Moderate
2.0,0.0,3.0,2.0,1.0,1.0,3.0,3.0,0.0,15.0,High
3.0,1.0,2.0,1.0,1.0,3.0,1.0,1.0,3.0,16.0,High
0.0,2.0,3.0,3.0,,,0.0,0.0,3.0,17.0,High
2.0,3.0,1.0,2.0,3.0,3.0,0.0,2.0,2.0,18.0,High
3.0,3.0,2.0,0.0,0.0,2.0,1.0,0.0,0.0,11.0,Moderate
1.0,2.0,3.0,3.0,0.0,0.0,0.0,0.0,3.0,12.0,Moderate
2.0,0.0,2.0,0.0,1.0,0.0,0.0,2.0,3.0,10.0,Moderate
0.0,0.0,2.0,0.0,3.0,3.0,2.0,2.0,2.0,14.0,High
0.0,0.0,2.0,3.0,0.0,3.0,1.0,2.0,1.0,12.0,Moderate
2.0,1.0,0.0,3.0,1.0,3.0,0.0,1.0,3.0,14.0,High
2.0,1.0,3.0,3.0,3.0,1.0,0.0,0.0,1.0,14.0,High
0.0,3.0,0.0,3.0,1.0,3.0,3.0,1.0,2.0,16.0,High
1.0,0.0,3.0,3.0,2.0,2.0,3.0,2.0,3.0,19.0,High
3.0,2.0,1.0,0.0,3.0,0.0,3.0,1.0,1.0,14.0,High
1.0,3.0,1.0,1.0,0.0,2.0,0.0,2.0,0.0,10.0,Moderate
2.0,2.0,1.0,1.0,,3.0,0.0,3.0,1.0,13.0,High
1.0,3.0,3.0,3.0,,1.0,3.0,2.0,1.0,19.0,High
0.0,1.0,2.0,0.0,3.0,3.0,2.0,0.0,1.0,12.0,Moderate
2.0,3.0,2.0,1.0,1.0,3.0,2.0,0.0,1.0,15.0,High
3.0,,0.0,1.0,0.0,3.0,2.0,0.0,0.0,10.0,Moderate
0.0,3.0,0.0,1.0,2.0,3.0,,1.0,2.0,14.0,High
0.0,0.0,1.0,0.0,2.0,3.0,1.0,0.0,1.0,8.0,Low
3.0,2.0,0.0,3.0,3.0,0.0,3.0,2.0,1.0,17.0,High
3.0,0.0,3.0,3.0,3.0,2.0,0.0,3.0,3.0,20.0,High
,3.0,3.0,,0.0,1.0,3.0,0.0,3.0,17.0,High
2.0,3.0,0.0,2.0,2.0,3.0,2.0,1.0,0.0,,Low
3.0,3.0,0.0,2.0,1.0,1.0,,3.0,0.0,13.0,High
3.0,1.0,0.0,2.0,2.0,0.0,1.0,0.0,0.0,9.0,Low
2.0,2.0,0.0,0.0,1.0,2.0,3.0,0.0,3.0,13.0,High
3.0,2.0,1.0,1.0,1.0,3.0,0.0,3.0,1.0,15.0,High
3.0,3.0,1.0,1.0,0.0,0.0,0.0,,3.0,11.0,Moderate
1.0,3.0,0.0,0.0,2.0,0.0,2.0,1.0,2.0,11.0,Moderate
0.0,,3.0,0.0,1.0,2.0,2.0,2.0,,11.0,Moderate
0.0,0.0,1.0,3.0,3.0,3.0,3.0,2.0,0.0,15.0,High
0.0,0.0,3.0,3.0,1.0,2.0,1.0,3.0,0.0,13.0,High
0.0,2.0,2.0,2.0,3.0,2.0,0.0,2.0,2.0,15.0,High
3.0,1.0,3.0,2.0,3.0,1.0,2.0,0.0,,16.0,High
2.0,3.0,0.0,0.0,2.0,1.0,3.0,0.0,,12.0,Moderate
2.0,2.0,2.0,2.0,3.0,2.0,2.0,1.0,1.0,,Low
1.0,1.0,1.0,1.0,1.0,1.0,3.0,2.0,0.0,11.0,Moderate
1.0,0.0,1.0,0.0,3.0,0.0,2.0,3.0,1.0,11.0,Moderate
3.0,1.0,2.0,0.0,2.0,2.0,1.0,0.0,3.0,14.0,High
2.0,0.0,3.0,1.0,0.0,3.0,0.0,3.0,0.0,12.0,Moderate
2.0,1.0,1.0,3.0,1.0,3.0,2.0,0.0,2.0,15.0,High
0.0,,0.0,3.0,1.0,0.0,0.0,0.0,2.0,8.0,Low
3.0,0.0,2.0,1.0,2.0,3.0,3.0,1.0,1.0,16.0,High
3.0,2.0,0.0,1.0,2.0,3.0,1.0,2.0,0.0,14.0,High
0.0,2.0,2.0,,2.0,2.0,0.0,1.0,3.0,14.0,High
,0.0,1.0,0.0,2.0,0.0,2.0,2.0,3.0,13.0,High
3.0,0.0,3.0,2.0,1.0,2.0,0.0,3.0,0.0,14.0,High
1.0,3.0,2.0,1.0,0.0,0.0,0.0,2.0,1.0,10.0,Moderate
2.0,3.0,2.0,2.0,,2.0,3.0,3.0,2.0,22.0,High
3.0,3.0,0.0,1.0,3.0,2.0,1.0,0.0,2.0,15.0,High
,2.0,1.0,2.0,0.0,1.0,1.0,3.0,3.0,,Low
,2.0,,2.0,0.0,,0.0,3.0,3.0,15.0,High
0.0,3.0,1.0,3.0,0.0,0.0,0.0,0.0,3.0,10.0,Moderate
,2.0,0.0,1.0,2.0,3.0,3.0,3.0,2.0,17.0,High
1.0,2.0,2.0,2.0,1.0,1.0,0.0,3.0,3.0,15.0,High
2.0,0.0,0.0,0.0,1.0,0.0,3.0,,2.0,8.0,Low
0.0,0.0,3.0,2.0,1.0,1.0,1.0,0.0,2.0,10.0,Moderate
1.0,2.0,1.0,2.0,2.0,3.0,1.0,0.0,1.0,13.0,High
3.0,3.0,1.0,0.0,1.0,2.0,3.0,2.0,1.0,16.0,High
3.0,1.0,2.0,,2.0,1.0,0.0,0.0,1.0,11.0,Moderate
,3.0,1.0,3.0,1.0,1.0,1.0,0.0,3.0,16.0,High
0.0,1.0,3.0,3.0,0.0,2.0,2.0,3.0,2.0,16.0,High
1.0,3.0,0.0,3.0,3.0,,3.0,1.0,3.0,20.0,High
3.0,0.0,,0.0,3.0,1.0,,1.0,2.0,13.0,High
0.0,,3.0,2.0,2.0,3.0,1.0,2.0,1.0,16.0,High
3.0,2.0,1.0,1.0,1.0,2.0,1.0,2.0,1.0,14.0,High
2.0,,1.0,2.0,3.0,0.0,2.0,1.0,3.0,14.0,High
1.0,1.0,3.0,3.0,0.0,1.0,2.0,1.0,2.0,14.0,High
1.0,1.0,0.0,2.0,0.0,3.0,2.0,0.0,,,Low
0.0,1.0,0.0,0.0,0.0,2.0,0.0,3.0,0.0,,Low
0.0,0.0,2.0,0.0,2.0,,3.0,0.0,3.0,12.0,Moderate
1.0,1.0,1.0,1.0,2.0,1.0,0.0,2.0,1.0,10.0,Moderate
3.0,0.0,3.0,1.0,1.0,0.0,2.0,1.0,2.0,13.0,High
3.0,3.0,0.0,3.0,0.0,1.0,3.0,2.0,2.0,17.0,High
2.0,3.0,2.0,1.0,1.0,3.0,0.0,0.0,3.0,15.0,High
3.0,0.0,1.0,2.0,1.0,2.0,0.0,2.0,1.0,12.0,Moderate
0.0,2.0,1.0,0.0,0.0,0.0,0.0,2.0,0.0,5.0,Low
0.0,3.0,2.0,0.0,1.0,3.0,2.0,3.0,3.0,17.0,High
3.0,1.0,2.0,0.0,3.0,1.0,1.0,2.0,2.0,15.0,High
0.0,,0.0,1.0,2.0,2.0,3.0,0.0,1.0,9.0,Low
1.0,1.0,3.0,0.0,1.0,1.0,2.0,3.0,2.0,14.0,High
1.0,1.0,1.0,0.0,0.0,0.0,3.0,2.0,2.0,10.0,Moderate
3.0,2.0,3.0,0.0,2.0,0.0,2.0,0.0,2.0,14.0,High
1.0,1.0,1.0,3.0,,0.0,,1.0,2.0,11.0,Moderate
1.0,2.0,1.0,3.0,1.0,0.0,0.0,3.0,0.0,11.0,Moderate
2.0,3.0,3.0,1.0,3.0,0.0,1.0,2.0,1.0,16.0,High
2.0,0.0,2.0,0.0,1.0,1.0,1.0,2.0,3.0,12.0,Moderate
1.0,1.0,0.0,1.0,3.0,0.0,3.0,3.0,1.0,13.0,High
3.0,0.0,1.0,0.0,2.0,0.0,1.0,,1.0,8.0,Low
2.0,,2.0,0.0,1.0,2.0,,2.0,1.0,12.0,Moderate
0.0,0.0,1.0,0.0,,0.0,3.0,0.0,3.0,7.0,Low
0.0,1.0,0.0,1.0,1.0,2.0,2.0,3.0,1.0,11.0,Moderate
,1.0,1.0,1.0,3.0,2.0,1.0,2.0,3.0,14.0,High
3.0,1.0,0.0,,3.0,2.0,2.0,1.0,3.0,15.0,High
1.0,1.0,0.0,2.0,1.0,1.0,0.0,1.0,0.0,7.0,Low
0.0,1.0,1.0,1.0,,1.0,1.0,1.0,2.0,11.0,Moderate
3.0,1.0,1.0,3.0,2.0,3.0,0.0,3.0,3.0,19.0,High
2.0,1.0,0.0,1.0,1.0,3.0,0.0,2.0,2.0,12.0,Moderate
1.0,1.0,2.0,0.0,3.0,2.0,,3.0,1.0,15.0,High
2.0,1.0,3.0,2.0,1.0,1.0,3.0,2.0,2.0,17.0,High
3.0,0.0,0.0,0.0,1.0,0.0,1.0,1.0,2.0,8.0,Low
0.0,,1.0,3.0,0.0,3.0,2.0,1.0,2.0,14.0,High
0.0,1.0,1.0,1.0,1.0,1.0,3.0,0.0,1.0,9.0,Low
3.0,2.0,2.0,1.0,0.0,0.0,0.0,3.0,1.0,,Low
0.0,1.0,3.0,0.0,3.0,0.0,1.0,3.0,3.0,14.0,High
1.0,1.0,0.0,0.0,0.0,1.0,0.0,0.0,3.0,6.0,Low
3.0,0.0,0.0,3.0,0.0,3.0,0.0,1.0,0.0,10.0,Moderate
2.0,3.0,3.0,2.0,0.0,1.0,1.0,1.0,1.0,14.0,High
3.0,3.0,0.0,3.0,2.0,3.0,3.0,3.0,0.0,20.0,High
,0.0,3.0,2.0,0.0,2.0,3.0,2.0,1.0,14.0,High
1.0,2.0,1.0,1.0,1.0,1.0,1.0,1.0,2.0,11.0,Moderate
3.0,3.0,3.0,2.0,0.0,1.0,1.0,0.0,0.0,13.0,High
3.0,0.0,0.0,2.0,1.0,3.0,2.0,0.0,,11.0,Moderate
0.0,0.0,3.0,1.0,0.0,3.0,2.0,0.0,0.0,9.0,Low
1.0,,2.0,1.0,2.0,1.0,0.0,3.0,1.0,14.0,High
3.0,2.0,1.0,1.0,,0.0,1.0,3.0,3.0,,Low
3.0,0.0,1.0,3.0,0.0,0.0,3.0,3.0,0.0,13.0,High
1.0,1.0,3.0,1.0,0.0,0.0,0.0,3.0,3.0,12.0,Moderate
3.0,2.0,0.0,0.0,2.0,2.0,,,1.0,10.0,Moderate
0.0,2.0,2.0,1.0,0.0,2.0,0.0,0.0,0.0,7.0,Low
1.0,3.0,1.0,1.0,1.0,3.0,0.0,3.0,1.0,14.0,High
0.0,3.0,1.0,1.0,0.0,2.0,3.0,3.0,3.0,16.0,High
0.0,1.0,0.0,2.0,0.0,0.0,0.0,0.0,3.0,6.0,Low
0.0,0.0,,3.0,3.0,1.0,1.0,3.0,0.0,11.0,Moderate
0.0,3.0,2.0,1.0,3.0,2.0,2.0,3.0,3.0,19.0,High
1.0,3.0,3.0,3.0,0.0,2.0,3.0,3.0,2.0,20.0,High
0.0,2.0,0.0,0.0,2.0,0.0,1.0,3.0,2.0,10.0,Moderate
0.0,3.0,3.0,0.0,3.0,2.0,1.0,1.0,0.0,13.0,High
3.0,3.0,2.0,1.0,0.0,3.0,1.0,3.0,1.0,17.0,High
1.0,3.0,3.0,0.0,3.0,1.0,2.0,0.0,1.0,14.0,High
1.0,3.0,1.0,3.0,0.0,0.0,2.0,0.0,1.0,11.0,Moderate
2.0,2.0,3.0,2.0,3.0,3.0,2.0,0.0,2.0,19.0,High
1.0,1.0,2.0,1.0,3.0,0.0,1.0,0.0,3.0,12.0,Moderate
1.0,1.0,2.0,0.0,1.0,3.0,2.0,3.0,2.0,15.0,High
2.0,0.0,2.0,3.0,0.0,1.0,0.0,1.0,3.0,12.0,Moderate
1.0,3.0,3.0,3.0,0.0,1.0,2.0,2.0,2.0,17.0,High
1.0,2.0,1.0,0.0,0.0,3.0,3.0,2.0,1.0,13.0,High
1.0,0.0,0.0,3.0,0.0,3.0,1.0,2.0,,11.0,Moderate
1.0,0.0,1.0,3.0,3.0,3.0,1.0,,1.0,15.0,High
2.0,1.0,3.0,1.0,1.0,3.0,0.0,0.0,0.0,11.0,Moderate
1.0,,3.0,3.0,1.0,3.0,2.0,3.0,0.0,18.0,High
1.0,2.0,0.0,0.0,2.0,3.0,2.0,3.0,3.0,16.0,High
2.0,2.0,3.0,1.0,0.0,1.0,3.0,2.0,0.0,14.0,High
3.0,1.0,2.0,0.0,2.0,3.0,0.0,2.0,2.0,15.0,High
0.0,1.0,2.0,2.0,3.0,2.0,3.0,1.0,2.0,16.0,High
3.0,1.0,2.0,0.0,2.0,1.0,3.0,1.0,3.0,16.0,High
2.0,1.0,2.0,0.0,0.0,0.0,1.0,1.0,3.0,10.0,Moderate
0.0,1.0,2.0,1.0,1.0,1.0,1.0,0.0,,8.0,Low
2.0,3.0,3.0,3.0,1.0,0.0,2.0,3.0,0.0,17.0,High
2.0,3.0,0.0,0.0,0.0,0.0,2.0,0.0,1.0,8.0,Low
1.0,2.0,,1.0,3.0,2.0,3.0,0.0,0.0,12.0,Moderate
,0.0,2.0,2.0,0.0,3.0,2.0,,0.0,,Low
1.0,2.0,3.0,1.0,3.0,3.0,3.0,1.0,3.0,20.0,High
,0.0,1.0,,1.0,1.0,2.0,3.0,1.0,10.0,Moderate
2.0,1.0,1.0,3.0,3.0,3.0,2.0,2.0,1.0,18.0,High
2.0,0.0,3.0,0.0,0.0,2.0,1.0,,0.0,9.0,Low
3.0,2.0,2.0,2.0,0.0,1.0,1.0,3.0,0.0,14.0,High
0.0,,0.0,1.0,0.0,1.0,1.0,0.0,3.0,,Low
,0.0,3.0,0.0,3.0,1.0,1.0,3.0,2.0,14.0,High
3.0,3.0,1.0,,,3.0,0.0,1.0,1.0,15.0,High
3.0,1.0,1.0,1.0,3.0,3.0,1.0,2.0,1.0,16.0,High
3.0,1.0,1.0,0.0,1.0,3.0,0.0,0.0,3.0,12.0,Moderate
1.0,2.0,2.0,1.0,2.0,1.0,1.0,2.0,3.0,15.0,High
3.0,3.0,1.0,1.0,2.0,1.0,2.0,2.0,1.0,16.0,High
1.0,0.0,3.0,1.0,0.0,0.0,3.0,0.0,1.0,9.0,Low
3.0,1.0,3.0,2.0,1.0,0.0,2.0,3.0,0.0,,Low
1.0,3.0,1.0,,3.0,3.0,2.0,3.0,2.0,19.0,High
2.0,1.0,3.0,3.0,0.0,1.0,0.0,2.0,1.0,13.0,High
2.0,3.0,1.0,0.0,1.0,3.0,1.0,3.0,,17.0,High
2.0,3.0,1.0,2.0,0.0,3.0,3.0,1.0,0.0,15.0,High
2.0,2.0,0.0,0.0,1.0,0.0,3.0,2.0,0.0,10.0,Moderate
2.0,,,2.0,1.0,2.0,1.0,2.0,3.0,16.0,High
3.0,0.0,2.0,3.0,2.0,3.0,0.0,2.0,3.0,18.0,High
3.0,2.0,0.0,2.0,0.0,2.0,0.0,1.0,0.0,10.0,Moderate
3.0,2.0,0.0,2.0,3.0,2.0,0.0,2.0,3.0,17.0,High
1.0,0.0,2.0,2.0,2.0,1.0,3.0,3.0,0.0,14.0,High
1.0,2.0,1.0,0.0,,1.0,0.0,3.0,3.0,13.0,High
1.0,3.0,1.0,1.0,3.0,,0.0,3.0,0.0,15.0,High
1.0,3.0,2.0,0.0,1.0,0.0,3.0,3.0,1.0,14.0,High
2.0,1.0,1.0,1.0,3.0,0.0,3.0,2.0,1.0,14.0,High
2.0,1.0,0.0,0.0,0.0,3.0,2.0,1.0,3.0,12.0,Moderate
2.0,0.0,1.0,3.0,3.0,3.0,3.0,0.0,2.0,17.0,High
0.0,1.0,1.0,3.0,1.0,0.0,1.0,3.0,1.0,11.0,Moderate
3.0,3.0,3.0,2.0,3.0,2.0,3.0,0.0,0.0,19.0,High
1.0,0.0,3.0,3.0,1.0,3.0,3.0,0.0,2.0,16.0,High
1.0,0.0,3.0,2.0,1.0,2.0,0.0,2.0,0.0,11.0,Moderate
2.0,1.0,1.0,1.0,0.0,3.0,2.0,3.0,0.0,13.0,High
1.0,3.0,2.0,3.0,3.0,3.0,0.0,3.0,1.0,19.0,High
1.0,0.0,0.0,1.0,3.0,2.0,2.0,3.0,,15.0,High
3.0,3.0,1.0,0.0,0.0,2.0,0.0,0.0,3.0,12.0,Moderate
2.0,3.0,2.0,1.0,,0.0,1.0,3.0,0.0,13.0,High
3.0,3.0,1.0,0.0,3.0,3.0,0.0,3.0,1.0,17.0,High
0.0,1.0,0.0,1.0,0.0,1.0,0.0,1.0,0.0,4.0,Low
0.0,2.0,1.0,1.0,1.0,1.0,1.0,2.0,2.0,11.0,Moderate
0.0,2.0,0.0,,0.0,3.0,1.0,3.0,0.0,12.0,Moderate
2.0,0.0,1.0,1.0,3.0,,,3.0,1.0,17.0,High
1.0,3.0,0.0,3.0,0.0,3.0,0.0,2.0,0.0,12.0,Moderate
2.0,1.0,1.0,3.0,2.0,2.0,1.0,2.0,1.0,15.0,High
2.0,3.0,0.0,2.0,,1.0,1.0,0.0,3.0,13.0,High
1.0,3.0,3.0,,2.0,1.0,3.0,0.0,1.0,16.0,High
3.0,1.0,1.0,0.0,2.0,1.0,2.0,0.0,2.0,12.0,Moderate
0.0,2.0,1.0,1.0,1.0,,1.0,2.0,,12.0,Moderate
3.0,3.0,2.0,0.0,1.0,2.0,1.0,1.0,2.0,15.0,High
0.0,3.0,2.0,1.0,0.0,3.0,0.0,3.0,2.0,14.0,High
2.0,2.0,0.0,2.0,1.0,0.0,3.0,2.0,0.0,12.0,Moderate
0.0,1.0,1.0,2.0,2.0,,0.0,1.0,2.0,9.0,Low
2.0,0.0,0.0,1.0,2.0,1.0,2.0,2.0,1.0,11.0,Moderate
3.0,2.0,3.0,1.0,3.0,,3.0,,3.0,22.0,High
2.0,0.0,2.0,2.0,1.0,0.0,0.0,2.0,1.0,10.0,Moderate
3.0,0.0,0.0,2.0,2.0,0.0,1.0,2.0,3.0,13.0,High
1.0,2.0,0.0,0.0,3.0,3.0,1.0,1.0,2.0,13.0,High
1.0,3.0,2.0,2.0,3.0,2.0,3.0,1.0,0.0,17.0,High
1.0,0.0,1.0,1.0,0.0,3.0,1.0,1.0,2.0,10.0,Moderate
2.0,0.0,0.0,0.0,2.0,3.0,0.0,1.0,2.0,10.0,Moderate
1.0,1.0,2.0,1.0,0.0,2.0,3.0,,3.0,14.0,High
0.0,3.0,1.0,3.0,2.0,1.0,1.0,1.0,1.0,13.0,High
3.0,,3.0,0.0,0.0,,1.0,1.0,0.0,9.0,Low
3.0,1.0,2.0,1.0,0.0,1.0,2.0,1.0,0.0,11.0,Moderate
0.0,3.0,0.0,2.0,1.0,2.0,2.0,2.0,0.0,12.0,Moderate
2.0,2.0,3.0,,0.0,0.0,3.0,1.0,0.0,14.0,High
2.0,2.0,1.0,1.0,1.0,2.0,2.0,1.0,1.0,13.0,High
3.0,1.0,1.0,0.0,3.0,3.0,0.0,2.0,0.0,13.0,High
1.0,2.0,2.0,,2.0,2.0,1.0,2.0,3.0,16.0,High
2.0,0.0,2.0,3.0,3.0,0.0,1.0,0.0,3.0,14.0,High
2.0,3.0,2.0,0.0,2.0,0.0,1.0,0.0,0.0,10.0,Moderate
0.0,0.0,1.0,3.0,3.0,3.0,3.0,1.0,0.0,14.0,High
0.0,0.0,3.0,1.0,2.0,1.0,3.0,1.0,1.0,12.0,Moderate
1.0,2.0,,2.0,0.0,0.0,2.0,0.0,1.0,9.0,Low
2.0,0.0,0.0,2.0,2.0,0.0,1.0,0.0,0.0,7.0,Low
2.0,2.0,1.0,1.0,,0.0,1.0,3.0,1.0,13.0,High
0.0,3.0,0.0,1.0,3.0,3.0,1.0,3.0,2.0,16.0,High
2.0,3.0,3.0,1.0,3.0,0.0,1.0,1.0,0.0,14.0,High
3.0,0.0,2.0,0.0,3.0,,1.0,3.0,,14.0,High
0.0,1.0,2.0,3.0,1.0,3.0,0.0,,3.0,13.0,High
1.0,2.0,1.0,3.0,1.0,1.0,1.0,1.0,0.0,,Low
0.0,2.0,2.0,3.0,2.0,0.0,0.0,2.0,0.0,11.0,Moderate
2.0,0.0,3.0,1.0,2.0,0.0,1.0,2.0,3.0,14.0,High
1.0,2.0,2.0,3.0,0.0,1.0,3.0,0.0,3.0,15.0,High
0.0,2.0,1.0,1.0,0.0,3.0,3.0,3.0,1.0,14.0,High
3.0,1.0,3.0,0.0,2.0,3.0,0.0,2.0,3.0,17.0,High
3.0,1.0,0.0,2.0,1.0,1.0,1.0,,2.0,14.0,High
,0.0,1.0,1.0,2.0,,3.0,2.0,0.0,9.0,Low
3.0,1.0,0.0,1.0,0.0,2.0,3.0,3.0,2.0,15.0,High
3.0,0.0,3.0,2.0,1.0,1.0,1.0,2.0,1.0,14.0,High
3.0,3.0,1.0,2.0,1.0,1.0,1.0,2.0,3.0,17.0,High
1.0,0.0,1.0,0.0,0.0,1.0,3.0,1.0,0.0,7.0,Low
3.0,3.0,3.0,,2.0,0.0,1.0,1.0,3.0,19.0,High
3.0,0.0,2.0,1.0,3.0,3.0,2.0,0.0,3.0,17.0,High
3.0,2.0,1.0,3.0,2.0,0.0,1.0,2.0,1.0,15.0,High
1.0,1.0,1.0,1.0,2.0,1.0,3.0,3.0,1.0,14.0,High
0.0,,0.0,0.0,0.0,0.0,3.0,2.0,1.0,9.0,Low
2.0,0.0,2.0,2.0,1.0,0.0,0.0,3.0,1.0,11.0,Moderate
3.0,1.0,0.0,0.0,,1.0,2.0,3.0,0.0,10.0,Moderate
0.0,,0.0,2.0,2.0,0.0,3.0,2.0,2.0,11.0,Moderate
3.0,1.0,2.0,3.0,3.0,2.0,2.0,3.0,2.0,21.0,High
1.0,1.0,2.0,,3.0,0.0,1.0,0.0,0.0,11.0,Moderate
0.0,0.0,3.0,0.0,3.0,0.0,3.0,1.0,3.0,13.0,High
1.0,3.0,2.0,2.0,,3.0,0.0,3.0,0.0,14.0,High
3.0,3.0,1.0,0.0,1.0,3.0,3.0,2.0,2.0,18.0,High
3.0,2.0,2.0,2.0,0.0,1.0,,1.0,2.0,13.0,High
1.0,,3.0,2.0,3.0,1.0,2.0,0.0,0.0,13.0,High
2.0,2.0,3.0,,2.0,3.0,,3.0,1.0,19.0,High
1.0,2.0,3.0,3.0,1.0,2.0,1.0,3.0,3.0,19.0,High
3.0,0.0,2.0,2.0,0.0,0.0,1.0,1.0,0.0,9.0,Low
1.0,0.0,2.0,2.0,,2.0,1.0,3.0,2.0,13.0,High
2.0,0.0,0.0,2.0,1.0,2.0,3.0,2.0,1.0,13.0,High
1.0,1.0,0.0,3.0,1.0,3.0,1.0,1.0,3.0,14.0,High
2.0,0.0,1.0,3.0,2.0,1.0,1.0,1.0,2.0,13.0,High
2.0,0.0,0.0,1.0,1.0,0.0,3.0,3.0,3.0,13.0,High
1.0,1.0,1.0,2.0,2.0,1.0,2.0,0.0,1.0,11.0,Moderate
1.0,1.0,3.0,1.0,3.0,2.0,1.0,0.0,2.0,14.0,High
0.0,3.0,0.0,2.0,3.0,2.0,1.0,0.0,1.0,12.0,Moderate
3.0,0.0,2.0,3.0,0.0,1.0,3.0,0.0,0.0,12.0,Moderate
2.0,0.0,0.0,1.0,3.0,1.0,2.0,1.0,0.0,10.0,Moderate
,0.0,1.0,1.0,3.0,3.0,2.0,1.0,3.0,14.0,High
1.0,3.0,0.0,0.0,2.0,1.0,2.0,3.0,1.0,13.0,High
3.0,0.0,3.0,2.0,0.0,1.0,3.0,0.0,1.0,13.0,High
0.0,3.0,2.0,3.0,1.0,3.0,0.0,0.0,3.0,15.0,High
2.0,2.0,1.0,0.0,0.0,1.0,0.0,3.0,3.0,12.0,Moderate
0.0,3.0,2.0,0.0,3.0,2.0,1.0,3.0,,,Low
2.0,2.0,2.0,2.0,1.0,1.0,1.0,3.0,0.0,14.0,High
,0.0,1.0,0.0,0.0,0.0,1.0,2.0,3.0,8.0,Low
3.0,2.0,2.0,2.0,0.0,2.0,0.0,3.0,,14.0,High
3.0,3.0,2.0,0.0,0.0,3.0,3.0,3.0,3.0,20.0,High
3.0,1.0,0.0,2.0,0.0,2.0,1.0,2.0,1.0,12.0,Moderate
1.0,2.0,2.0,3.0,2.0,,3.0,0.0,1.0,17.0,High
2.0,2.0,2.0,2.0,0.0,0.0,1.0,1.0,3.0,13.0,High
1.0,0.0,2.0,2.0,3.0,0.0,3.0,0.0,3.0,14.0,High
3.0,3.0,2.0,1.0,3.0,2.0,3.0,1.0,0.0,18.0,High
1.0,2.0,1.0,3.0,2.0,1.0,0.0,1.0,2.0,13.0,High
1.0,2.0,3.0,3.0,1.0,2.0,3.0,3.0,0.0,18.0,High
1.0,,0.0,3.0,1.0,2.0,2.0,3.0,1.0,15.0,High
2.0,2.0,2.0,0.0,3.0,,0.0,2.0,3.0,14.0,High
0.0,1.0,2.0,1.0,3.0,3.0,1.0,0.0,1.0,12.0,Moderate
0.0,3.0,1.0,3.0,2.0,2.0,0.0,0.0,2.0,,Low
1.0,0.0,3.0,0.0,1.0,1.0,2.0,1.0,0.0,9.0,Low
0.0,0.0,2.0,0.0,1.0,0.0,2.0,3.0,1.0,9.0,Low
0.0,1.0,1.0,0.0,0.0,2.0,3.0,3.0,0.0,10.0,Moderate
1.0,3.0,0.0,1.0,0.0,2.0,2.0,0.0,3.0,12.0,Moderate
,2.0,,0.0,0.0,1.0,2.0,2.0,1.0,9.0,Low
3.0,1.0,2.0,1.0,2.0,2.0,2.0,3.0,2.0,18.0,High
0.0,3.0,,2.0,3.0,2.0,2.0,2.0,0.0,16.0,High
2.0,2.0,3.0,0.0,2.0,2.0,1.0,0.0,0.0,12.0,Moderate
1.0,1.0,3.0,3.0,1.0,2.0,1.0,0.0,2.0,14.0,High
3.0,3.0,2.0,0.0,3.0,1.0,0.0,2.0,1.0,15.0,High
2.0,0.0,,2.0,0.0,,3.0,3.0,1.0,14.0,High
0.0,0.0,3.0,2.0,2.0,2.0,1.0,0.0,0.0,10.0,Moderate
3.0,,2.0,0.0,2.0,2.0,2.0,1.0,2.0,17.0,High
,0.0,3.0,,0.0,0.0,3.0,0.0,0.0,9.0,Low
2.0,3.0,2.0,1.0,2.0,1.0,1.0,3.0,0.0,15.0,High
1.0,2.0,0.0,1.0,0.0,0.0,0.0,1.0,3.0,8.0,Low
0.0,3.0,2.0,0.0,1.0,0.0,,0.0,1.0,9.0,Low
2.0,2.0,0.0,1.0,3.0,1.0,3.0,3.0,1.0,16.0,High
0.0,1.0,,1.0,1.0,0.0,1.0,3.0,3.0,13.0,High
0.0,3.0,2.0,3.0,1.0,0.0,3.0,0.0,1.0,,Low
3.0,1.0,3.0,,0.0,0.0,1.0,3.0,1.0,12.0,Moderate
1.0,,0.0,2.0,2.0,1.0,0.0,2.0,1.0,9.0,Low
2.0,2.0,2.0,0.0,1.0,2.0,2.0,1.0,2.0,14.0,High
0.0,3.0,3.0,1.0,1.0,3.0,0.0,2.0,3.0,16.0,High
0.0,1.0,0.0,3.0,1.0,3.0,2.0,0.0,0.0,10.0,Moderate
2.0,2.0,3.0,0.0,2.0,1.0,,,2.0,16.0,High
0.0,2.0,1.0,0.0,2.0,3.0,3.0,0.0,0.0,11.0,Moderate
3.0,,0.0,1.0,0.0,1.0,1.0,0.0,3.0,9.0,Low
3.0,0.0,0.0,1.0,1.0,1.0,0.0,3.0,3.0,12.0,Moderate
3.0,2.0,0.0,0.0,3.0,3.0,0.0,3.0,3.0,17.0,High
3.0,2.0,2.0,1.0,2.0,0.0,,0.0,1.0,11.0,Moderate
0.0,3.0,2.0,1.0,0.0,2.0,3.0,1.0,2.0,14.0,High
2.0,2.0,2.0,1.0,1.0,3.0,3.0,,3.0,18.0,High
2.0,,1.0,1.0,3.0,3.0,3.0,1.0,0.0,17.0,High
2.0,2.0,1.0,1.0,2.0,3.0,2.0,2.0,,16.0,High
2.0,0.0,0.0,3.0,3.0,3.0,0.0,0.0,1.0,12.0,Moderate
1.0,3.0,1.0,1.0,2.0,1.0,2.0,3.0,2.0,16.0,High
2.0,1.0,3.0,2.0,0.0,1.0,0.0,2.0,2.0,13.0,High
1.0,0.0,0.0,0.0,3.0,2.0,0.0,2.0,,10.0,Moderate
1.0,3.0,0.0,,1.0,2.0,1.0,3.0,1.0,15.0,High
3.0,3.0,3.0,3.0,1.0,3.0,0.0,0.0,3.0,19.0,High
1.0,1.0,0.0,1.0,2.0,3.0,3.0,2.0,0.0,13.0,High
0.0,3.0,1.0,0.0,1.0,3.0,3.0,0.0,3.0,14.0,High
,2.0,2.0,2.0,3.0,2.0,3.0,0.0,0.0,15.0,High
,1.0,3.0,1.0,0.0,3.0,1.0,0.0,3.0,,Low
1.0,0.0,1.0,,2.0,0.0,1.0,3.0,2.0,10.0,Moderate
0.0,0.0,3.0,1.0,3.0,2.0,2.0,,0.0,11.0,Moderate
0.0,2.0,3.0,1.0,2.0,0.0,0.0,2.0,1.0,11.0,Moderate
0.0,0.0,0.0,1.0,0.0,3.0,0.0,3.0,0.0,7.0,Low
3.0,3.0,0.0,1.0,2.0,,3.0,3.0,1.0,17.0,High
3.0,3.0,1.0,1.0,1.0,0.0,3.0,2.0,3.0,17.0,High
2.0,2.0,3.0,1.0,1.0,2.0,3.0,3.0,2.0,19.0,High
3.0,0.0,0.0,1.0,2.0,0.0,3.0,2.0,0.0,11.0,Moderate
0.0,0.0,0.0,2.0,0.0,2.0,3.0,1.0,1.0,,Low
0.0,2.0,3.0,3.0,0.0,3.0,3.0,2.0,3.0,19.0,High
3.0,1.0,1.0,2.0,1.0,0.0,0.0,3.0,2.0,13.0,High
1.0,0.0,1.0,1.0,0.0,1.0,1.0,2.0,2.0,9.0,Low
3.0,1.0,3.0,1.0,2.0,0.0,,1.0,2.0,16.0,High
3.0,0.0,1.0,2.0,3.0,1.0,0.0,0.0,3.0,13.0,High
0.0,0.0,0.0,2.0,2.0,2.0,3.0,0.0,3.0,12.0,Moderate
2.0,0.0,3.0,3.0,1.0,3.0,2.0,0.0,3.0,17.0,High
0.0,0.0,0.0,2.0,1.0,3.0,2.0,3.0,2.0,13.0,High
2.0,3.0,,3.0,,1.0,0.0,1.0,0.0,13.0,High
0.0,1.0,2.0,1.0,0.0,2.0,1.0,2.0,1.0,10.0,Moderate
3.0,1.0,1.0,0.0,2.0,3.0,2.0,2.0,3.0,17.0,High
0.0,0.0,2.0,0.0,,2.0,2.0,2.0,0.0,11.0,Moderate
0.0,0.0,0.0,0.0,2.0,1.0,1.0,2.0,1.0,7.0,Low
,1.0,2.0,0.0,3.0,1.0,,3.0,2.0,14.0,High
3.0,3.0,0.0,1.0,2.0,0.0,3.0,3.0,0.0,15.0,High
3.0,2.0,1.0,0.0,1.0,3.0,1.0,1.0,2.0,14.0,High
3.0,2.0,1.0,2.0,3.0,3.0,2.0,2.0,1.0,19.0,High
3.0,,0.0,2.0,2.0,0.0,1.0,0.0,3.0,12.0,Moderate
2.0,0.0,2.0,0.0,0.0,1.0,3.0,3.0,2.0,13.0,High
2.0,0.0,1.0,2.0,0.0,1.0,2.0,1.0,0.0,9.0,Low
1.0,3.0,3.0,3.0,2.0,1.0,0.0,1.0,3.0,17.0,High
3.0,2.0,1.0,1.0,1.0,1.0,2.0,3.0,0.0,14.0,High
2.0,3.0,2.0,0.0,3.0,2.0,,0.0,,15.0,High
0.0,2.0,3.0,0.0,2.0,3.0,3.0,0.0,1.0,14.0,High
3.0,,2.0,1.0,0.0,3.0,0.0,2.0,3.0,15.0,High
1.0,2.0,0.0,2.0,3.0,1.0,0.0,3.0,0.0,12.0,Moderate
1.0,3.0,3.0,1.0,0.0,1.0,0.0,0.0,0.0,9.0,Low
1.0,,2.0,,0.0,1.0,3.0,3.0,0.0,14.0,High
,3.0,3.0,2.0,2.0,3.0,3.0,1.0,0.0,17.0,High
2.0,1.0,,1.0,0.0,3.0,3.0,1.0,1.0,14.0,High
0.0,2.0,3.0,2.0,3.0,1.0,3.0,1.0,0.0,15.0,High
3.0,2.0,2.0,,1.0,2.0,3.0,3.0,1.0,19.0,High
1.0,3.0,0.0,1.0,2.0,0.0,0.0,2.0,0.0,9.0,Low
0.0,2.0,3.0,3.0,3.0,0.0,1.0,2.0,0.0,14.0,High
0.0,0.0,3.0,2.0,2.0,0.0,3.0,0.0,2.0,12.0,Moderate
2.0,0.0,3.0,1.0,0.0,3.0,1.0,3.0,2.0,15.0,High
2.0,0.0,3.0,2.0,0.0,3.0,2.0,2.0,0.0,14.0,High
1.0,2.0,0.0,3.0,3.0,0.0,2.0,3.0,1.0,15.0,High
0.0,1.0,3.0,3.0,3.0,0.0,3.0,2.0,0.0,15.0,High
0.0,1.0,1.0,0.0,1.0,2.0,2.0,1.0,2.0,10.0,Moderate
2.0,1.0,0.0,2.0,3.0,3.0,1.0,1.0,0.0,13.0,High
,1.0,1.0,2.0,,3.0,,,2.0,14.0,High
0.0,0.0,3.0,1.0,2.0,0.0,2.0,1.0,0.0,,Low
0.0,0.0,2.0,2.0,0.0,2.0,1.0,2.0,3.0,12.0,Moderate
2.0,3.0,1.0,0.0,3.0,2.0,2.0,0.0,0.0,13.0,High
1.0,2.0,3.0,3.0,1.0,0.0,3.0,0.0,1.0,,Low
3.0,2.0,,3.0,3.0,0.0,1.0,1.0,2.0,16.0,High
1.0,1.0,3.0,0.0,0.0,3.0,1.0,3.0,3.0,15.0,High
,0.0,3.0,2.0,3.0,0.0,0.0,1.0,2.0,14.0,High
0.0,1.0,3.0,2.0,,1.0,0.0,1.0,2.0,12.0,Moderate
1.0,3.0,2.0,0.0,0.0,2.0,1.0,0.0,1.0,10.0,Moderate
3.0,,1.0,1.0,3.0,0.0,1.0,1.0,0.0,12.0,Moderate
2.0,2.0,0.0,3.0,2.0,1.0,0.0,2.0,1.0,13.0,High
,1.0,0.0,0.0,0.0,2.0,3.0,0.0,0.0,8.0,Low
1.0,3.0,0.0,0.0,3.0,1.0,,1.0,3.0,14.0,High
1.0,2.0,0.0,2.0,2.0,1.0,2.0,3.0,1.0,14.0,High
0.0,3.0,3.0,3.0,1.0,0.0,2.0,2.0,1.0,15.0,High
1.0,3.0,1.0,2.0,2.0,2.0,1.0,3.0,2.0,17.0,High
0.0,1.0,1.0,0.0,1.0,1.0,3.0,2.0,1.0,,Low
0.0,0.0,2.0,1.0,3.0,3.0,0.0,,0.0,12.0,Moderate
2.0,1.0,1.0,3.0,2.0,2.0,3.0,1.0,1.0,16.0,High
2.0,0.0,1.0,0.0,1.0,3.0,3.0,2.0,1.0,13.0,High
3.0,3.0,1.0,0.0,0.0,0.0,2.0,0.0,3.0,12.0,Moderate
2.0,0.0,2.0,1.0,2.0,3.0,0.0,0.0,0.0,10.0,Moderate
2.0,3.0,0.0,0.0,3.0,2.0,3.0,3.0,2.0,18.0,High
,2.0,1.0,0.0,,1.0,0.0,3.0,0.0,8.0,Low
2.0,2.0,2.0,3.0,1.0,1.0,1.0,,3.0,18.0,High
3.0,2.0,2.0,3.0,2.0,2.0,2.0,2.0,0.0,18.0,High
1.0,1.0,3.0,3.0,2.0,1.0,0.0,0.0,0.0,11.0,Moderate
3.0,1.0,2.0,2.0,3.0,3.0,1.0,1.0,1.0,17.0,High
2.0,3.0,0.0,1.0,0.0,1.0,1.0,2.0,,11.0,Moderate
3.0,,,3.0,2.0,1.0,1.0,3.0,0.0,16.0,High
1.0,1.0,2.0,2.0,2.0,3.0,3.0,0.0,0.0,14.0,High
0.0,2.0,0.0,2.0,0.0,3.0,3.0,3.0,2.0,15.0,High
3.0,1.0,2.0,1.0,2.0,3.0,2.0,1.0,3.0,18.0,High
3.0,0.0,2.0,1.0,0.0,0.0,,1.0,1.0,10.0,Moderate
1.0,0.0,2.0,0.0,0.0,3.0,1.0,0.0,1.0,8.0,Low
1.0,2.0,2.0,2.0,0.0,3.0,2.0,2.0,1.0,15.0,High
3.0,3.0,2.0,3.0,3.0,,,1.0,1.0,19.0,High
2.0,1.0,0.0,1.0,0.0,1.0,2.0,1.0,0.0,8.0,Low
3.0,1.0,1.0,2.0,0.0,3.0,0.0,1.0,0.0,11.0,Moderate
1.0,0.0,1.0,,1.0,2.0,3.0,,2.0,,Low
0.0,,1.0,2.0,1.0,3.0,1.0,3.0,1.0,12.0,Moderate
0.0,3.0,1.0,1.0,3.0,3.0,1.0,3.0,1.0,16.0,High
2.0,3.0,0.0,0.0,0.0,0.0,2.0,2.0,0.0,9.0,Low
3.0,3.0,3.0,2.0,1.0,2.0,3.0,0.0,2.0,19.0,High
0.0,2.0,3.0,3.0,1.0,1.0,1.0,0.0,0.0,11.0,Moderate
,0.0,0.0,1.0,2.0,1.0,1.0,0.0,1.0,9.0,Low
1.0,2.0,0.0,0.0,0.0,2.0,3.0,1.0,1.0,10.0,Moderate
0.0,0.0,2.0,3.0,1.0,3.0,3.0,3.0,3.0,18.0,High
,0.0,,3.0,3.0,0.0,1.0,3.0,3.0,17.0,High
1.0,1.0,,3.0,2.0,2.0,2.0,2.0,3.0,18.0,High
2.0,0.0,1.0,2.0,,2.0,2.0,0.0,2.0,,Low
1.0,0.0,2.0,1.0,0.0,1.0,2.0,,0.0,10.0,Moderate
0.0,2.0,3.0,3.0,0.0,0.0,0.0,2.0,1.0,11.0,Moderate
2.0,0.0,1.0,2.0,2.0,2.0,3.0,0.0,1.0,13.0,High
2.0,2.0,2.0,1.0,3.0,0.0,1.0,1.0,2.0,14.0,High
1.0,3.0,1.0,1.0,0.0,3.0,0.0,3.0,1.0,13.0,High
2.0,0.0,,2.0,0.0,1.0,2.0,3.0,1.0,14.0,High
,0.0,2.0,2.0,2.0,3.0,,0.0,0.0,10.0,Moderate
1.0,2.0,3.0,3.0,2.0,0.0,1.0,1.0,3.0,16.0,High
1.0,3.0,3.0,1.0,0.0,3.0,,1.0,3.0,16.0,High
1.0,1.0,,0.0,1.0,,,3.0,,15.0,High
0.0,3.0,2.0,2.0,0.0,0.0,2.0,0.0,3.0,12.0,Moderate
1.0,2.0,0.0,1.0,1.0,2.0,2.0,2.0,3.0,14.0,High
3.0,3.0,2.0,1.0,2.0,3.0,0.0,,2.0,19.0,High
2.0,2.0,3.0,3.0,1.0,1.0,2.0,1.0,2.0,17.0,High
3.0,2.0,2.0,0.0,3.0,2.0,0.0,2.0,3.0,17.0,High
0.0,1.0,3.0,3.0,,1.0,1.0,0.0,0.0,11.0,Moderate
3.0,0.0,0.0,0.0,0.0,0.0,1.0,1.0,2.0,7.0,Low
2.0,2.0,1.0,0.0,0.0,,1.0,2.0,1.0,9.0,Low
3.0,2.0,0.0,,2.0,3.0,1.0,3.0,2.0,18.0,High
0.0,1.0,0.0,1.0,2.0,1.0,1.0,1.0,1.0,8.0,Low
1.0,2.0,1.0,1.0,3.0,1.0,0.0,0.0,2.0,11.0,Moderate
3.0,0.0,2.0,1.0,2.0,1.0,1.0,1.0,2.0,13.0,High
0.0,1.0,1.0,0.0,0.0,0.0,0.0,3.0,3.0,8.0,Low
0.0,0.0,2.0,1.0,3.0,3.0,1.0,0.0,3.0,13.0,High
2.0,0.0,2.0,2.0,0.0,1.0,0.0,3.0,3.0,13.0,High
2.0,1.0,3.0,0.0,1.0,1.0,0.0,2.0,0.0,10.0,Moderate
3.0,2.0,3.0,0.0,2.0,,0.0,1.0,3.0,16.0,High
1.0,0.0,1.0,0.0,1.0,1.0,2.0,3.0,3.0,12.0,Moderate
0.0,0.0,,0.0,0.0,,0.0,2.0,2.0,7.0,Low
3.0,0.0,1.0,2.0,1.0,2.0,0.0,0.0,2.0,11.0,Moderate
0.0,0.0,2.0,1.0,1.0,2.0,1.0,0.0,0.0,7.0,Low
0.0,1.0,3.0,,0.0,2.0,0.0,2.0,1.0,11.0,Moderate
1.0,1.0,,1.0,0.0,0.0,0.0,,2.0,8.0,Low
1.0,3.0,1.0,2.0,2.0,2.0,3.0,0.0,2.0,16.0,High
3.0,,3.0,,1.0,1.0,2.0,3.0,1.0,20.0,High
1.0,0.0,3.0,3.0,3.0,0.0,3.0,2.0,,15.0,High
1.0,2.0,3.0,3.0,3.0,0.0,1.0,,2.0,18.0,High
3.0,0.0,2.0,3.0,0.0,0.0,,0.0,3.0,13.0,High
1.0,2.0,3.0,0.0,0.0,0.0,2.0,3.0,0.0,11.0,Moderate
2.0,0.0,0.0,,1.0,0.0,3.0,3.0,1.0,10.0,Moderate
0.0,3.0,,2.0,0.0,0.0,2.0,2.0,1.0,11.0,Moderate
0.0,3.0,3.0,2.0,3.0,,3.0,3.0,3.0,20.0,High
0.0,2.0,3.0,3.0,2.0,2.0,0.0,3.0,3.0,18.0,High
0.0,0.0,2.0,1.0,2.0,3.0,3.0,3.0,3.0,17.0,High
3.0,2.0,2.0,3.0,1.0,,2.0,0.0,,14.0,High
0.0,,1.0,2.0,2.0,1.0,2.0,0.0,1.0,12.0,Moderate
0.0,0.0,0.0,3.0,0.0,2.0,1.0,1.0,3.0,10.0,Moderate
0.0,0.0,1.0,2.0,0.0,2.0,1.0,0.0,3.0,9.0,Low
0.0,2.0,3.0,3.0,0.0,0.0,,0.0,1.0,10.0,Moderate
2.0,1.0,0.0,1.0,0.0,3.0,1.0,1.0,2.0,,Low
0.0,2.0,0.0,3.0,1.0,0.0,2.0,1.0,0.0,9.0,Low
2.0,3.0,0.0,1.0,2.0,2.0,1.0,2.0,2.0,15.0,High
3.0,3.0,0.0,1.0,3.0,0.0,3.0,2.0,3.0,18.0,High
1.0,3.0,1.0,2.0,2.0,1.0,0.0,0.0,0.0,10.0,Moderate
0.0,3.0,2.0,1.0,0.0,1.0,2.0,3.0,2.0,14.0,High
1.0,3.0,2.0,0.0,3.0,0.0,1.0,2.0,1.0,13.0,High
1.0,1.0,3.0,,1.0,3.0,2.0,2.0,3.0,16.0,High
3.0,0.0,2.0,0.0,0.0,0.0,1.0,0.0,0.0,6.0,Low
1.0,2.0,2.0,2.0,0.0,0.0,2.0,3.0,0.0,12.0,Moderate
2.0,2.0,2.0,0.0,3.0,3.0,1.0,1.0,0.0,14.0,High
,3.0,2.0,2.0,1.0,3.0,0.0,1.0,0.0,13.0,High
1.0,2.0,3.0,2.0,3.0,3.0,1.0,0.0,,18.0,High
1.0,3.0,1.0,0.0,1.0,1.0,,0.0,3.0,13.0,High
0.0,1.0,0.0,,0.0,0.0,2.0,3.0,1.0,8.0,Low
0.0,1.0,2.0,3.0,2.0,2.0,2.0,0.0,1.0,13.0,High
2.0,,1.0,2.0,,3.0,3.0,0.0,1.0,12.0,Moderate
2.0,1.0,2.0,0.0,2.0,3.0,3.0,0.0,2.0,15.0,High
0.0,1.0,2.0,2.0,2.0,0.0,0.0,3.0,1.0,11.0,Moderate
,0.0,0.0,1.0,1.0,,2.0,0.0,3.0,11.0,Moderate
0.0,2.0,0.0,1.0,3.0,0.0,0.0,2.0,2.0,10.0,Moderate
3.0,3.0,0.0,0.0,1.0,0.0,2.0,3.0,3.0,15.0,High
1.0,3.0,2.0,2.0,,3.0,2.0,2.0,2.0,17.0,High
1.0,2.0,2.0,3.0,3.0,3.0,0.0,3.0,1.0,18.0,High
2.0,0.0,,3.0,2.0,1.0,2.0,2.0,1.0,15.0,High
0.0,2.0,0.0,2.0,2.0,2.0,2.0,,1.0,14.0,High
0.0,1.0,3.0,2.0,0.0,2.0,0.0,1.0,2.0,,Low
2.0,0.0,1.0,2.0,3.0,3.0,1.0,0.0,3.0,15.0,High
0.0,0.0,3.0,0.0,0.0,3.0,0.0,0.0,0.0,6.0,Low
3.0,0.0,2.0,1.0,0.0,3.0,2.0,3.0,3.0,17.0,High
1.0,3.0,2.0,3.0,1.0,2.0,3.0,2.0,1.0,18.0,High
2.0,2.0,3.0,0.0,0.0,1.0,1.0,1.0,2.0,12.0,Moderate
2.0,0.0,2.0,2.0,3.0,2.0,3.0,2.0,2.0,18.0,High
0.0,0.0,1.0,2.0,0.0,3.0,1.0,0.0,1.0,8.0,Low
2.0,0.0,2.0,1.0,3.0,3.0,3.0,0.0,2.0,16.0,High
3.0,2.0,1.0,2.0,2.0,1.0,1.0,2.0,1.0,15.0,High
0.0,,3.0,0.0,0.0,0.0,,3.0,3.0,12.0,Moderate
0.0,1.0,3.0,0.0,3.0,0.0,1.0,3.0,2.0,13.0,High
0.0,3.0,2.0,,2.0,2.0,1.0,2.0,0.0,13.0,High
0.0,0.0,1.0,0.0,3.0,0.0,1.0,0.0,,7.0,Low
3.0,3.0,2.0,3.0,2.0,0.0,2.0,2.0,1.0,18.0,High
,3.0,0.0,0.0,1.0,2.0,3.0,0.0,0.0,9.0,Low
2.0,1.0,,0.0,0.0,3.0,0.0,2.0,1.0,9.0,Low
3.0,2.0,0.0,0.0,0.0,0.0,3.0,3.0,2.0,13.0,High
1.0,2.0,0.0,3.0,2.0,3.0,3.0,1.0,0.0,15.0,High
1.0,3.0,2.0,2.0,1.0,2.0,0.0,0.0,0.0,11.0,Moderate
2.0,3.0,0.0,0.0,3.0,3.0,2.0,1.0,2.0,16.0,High
2.0,2.0,1.0,1.0,1.0,3.0,1.0,,0.0,14.0,High
3.0,2.0,3.0,3.0,3.0,2.0,2.0,2.0,,23.0,High
,1.0,3.0,1.0,3.0,3.0,2.0,3.0,0.0,17.0,High
1.0,0.0,0.0,0.0,0.0,0.0,1.0,1.0,0.0,3.0,Low
1.0,3.0,0.0,1.0,2.0,0.0,3.0,3.0,3.0,16.0,High
1.0,2.0,0.0,0.0,0.0,,1.0,3.0,1.0,8.0,Low
1.0,3.0,2.0,3.0,0.0,0.0,0.0,2.0,1.0,12.0,Moderate
0.0,3.0,3.0,1.0,0.0,3.0,1.0,1.0,3.0,,Low
2.0,2.0,0.0,1.0,3.0,0.0,3.0,1.0,0.0,,Low
0.0,1.0,1.0,0.0,0.0,3.0,2.0,1.0,2.0,10.0,Moderate
1.0,3.0,0.0,0.0,3.0,1.0,2.0,0.0,3.0,13.0,High
3.0,1.0,3.0,2.0,2.0,3.0,1.0,3.0,2.0,20.0,High
